id,source_type,location,field,surface,active,risk_tags,linked_records,disposition,copy
daily_actions:4a14da86-26c9-4772-bf47-64930e7af149#day_name,database,public.daily_actions,day_name,/app/day/1,True,safe_no_change_required,day_number=1;phase=1;is_extension_day=False,KEEP,Day 1: The Plate Method
daily_actions:4a14da86-26c9-4772-bf47-64930e7af149#action_title,database,public.daily_actions,action_title,/app/day/1,True,safe_no_change_required,day_number=1;phase=1;is_extension_day=False,KEEP,The Plate Method
daily_actions:4a14da86-26c9-4772-bf47-64930e7af149#action_description,database,public.daily_actions,action_description,/app/day/1,True,safe_no_change_required,day_number=1;phase=1;is_extension_day=False,KEEP,"Build every plate today around the 50/25/25 rule: half non-starchy vegetables, a quarter protein, a quarter slow carbs. One simple structure — used at every meal."
daily_actions:4a14da86-26c9-4772-bf47-64930e7af149#learning_objective,database,public.daily_actions,learning_objective,/app/day/1,True,safe_no_change_required,day_number=1;phase=1;is_extension_day=False,KEEP,Understand and apply the 50/25/25 plate structure.
daily_actions:a040d92e-7ee5-4172-bcb8-6667ba489f60#day_name,database,public.daily_actions,day_name,/app/day/2,True,safe_no_change_required,day_number=2;phase=1;is_extension_day=False,KEEP,Day 2: Water Target
daily_actions:a040d92e-7ee5-4172-bcb8-6667ba489f60#action_title,database,public.daily_actions,action_title,/app/day/2,True,safe_no_change_required,day_number=2;phase=1;is_extension_day=False,KEEP,Water Target
daily_actions:a040d92e-7ee5-4172-bcb8-6667ba489f60#action_description,database,public.daily_actions,action_description,/app/day/2,True,safe_no_change_required,day_number=2;phase=1;is_extension_day=False,KEEP,Calculate your personal daily water target (half your body weight in ounces) and hit it for the first time today. A large bottle next to you makes this easy.
daily_actions:a040d92e-7ee5-4172-bcb8-6667ba489f60#learning_objective,database,public.daily_actions,learning_objective,/app/day/2,True,safe_no_change_required,day_number=2;phase=1;is_extension_day=False,KEEP,Know your water target and hit it once.
daily_actions:af58ac91-0772-4b65-8423-acbc6d98c67c#day_name,database,public.daily_actions,day_name,/app/day/3,True,safe_no_change_required,day_number=3;phase=1;is_extension_day=False,KEEP,Day 3: Protein First
daily_actions:af58ac91-0772-4b65-8423-acbc6d98c67c#action_title,database,public.daily_actions,action_title,/app/day/3,True,safe_no_change_required,day_number=3;phase=1;is_extension_day=False,KEEP,Protein First
daily_actions:af58ac91-0772-4b65-8423-acbc6d98c67c#action_description,database,public.daily_actions,action_description,/app/day/3,True,safe_no_change_required,day_number=3;phase=1;is_extension_day=False,KEEP,Eat your protein component before your carbohydrates at every meal today. This single change lowers post-meal glucose spikes — and it works immediately.
daily_actions:af58ac91-0772-4b65-8423-acbc6d98c67c#learning_objective,database,public.daily_actions,learning_objective,/app/day/3,True,safe_no_change_required,day_number=3;phase=1;is_extension_day=False,KEEP,Experience the protein-first effect on blood sugar.
daily_actions:f6835ff9-965c-4b0b-b5c4-2da126ae9475#day_name,database,public.daily_actions,day_name,/app/day/4,True,safe_no_change_required,day_number=4;phase=1;is_extension_day=False,KEEP,Day 4: Non-Starchy Vegetables
daily_actions:f6835ff9-965c-4b0b-b5c4-2da126ae9475#action_title,database,public.daily_actions,action_title,/app/day/4,True,safe_no_change_required,day_number=4;phase=1;is_extension_day=False,KEEP,Non-Starchy Vegetables
daily_actions:f6835ff9-965c-4b0b-b5c4-2da126ae9475#action_description,database,public.daily_actions,action_description,/app/day/4,True,safe_no_change_required,day_number=4;phase=1;is_extension_day=False,KEEP,Identify what counts as non-starchy and fill half your plate with them at lunch and dinner today. Volume matters here — be generous.
daily_actions:f6835ff9-965c-4b0b-b5c4-2da126ae9475#learning_objective,database,public.daily_actions,learning_objective,/app/day/4,True,safe_no_change_required,day_number=4;phase=1;is_extension_day=False,KEEP,Recognize non-starchy vegetables and use them as the base of every plate.
daily_actions:70a7c317-4c10-407a-a845-bb3268e2e3be#day_name,database,public.daily_actions,day_name,/app/day/5,True,safe_no_change_required,day_number=5;phase=1;is_extension_day=False,KEEP,Day 5: Read a Label
daily_actions:70a7c317-4c10-407a-a845-bb3268e2e3be#action_title,database,public.daily_actions,action_title,/app/day/5,True,safe_no_change_required,day_number=5;phase=1;is_extension_day=False,KEEP,Read a Label
daily_actions:70a7c317-4c10-407a-a845-bb3268e2e3be#action_description,database,public.daily_actions,action_description,/app/day/5,True,safe_no_change_required,day_number=5;phase=1;is_extension_day=False,KEEP,"Find one packaged food you eat regularly and read its nutrition label end to end. Focus on serving size, total carbs, and added sugars."
daily_actions:70a7c317-4c10-407a-a845-bb3268e2e3be#learning_objective,database,public.daily_actions,learning_objective,/app/day/5,True,safe_no_change_required,day_number=5;phase=1;is_extension_day=False,KEEP,Build the habit of checking labels before eating.
daily_actions:9fb9c8a8-b977-425b-9007-3956c08ae356#day_name,database,public.daily_actions,day_name,/app/day/6,True,safe_no_change_required,day_number=6;phase=1;is_extension_day=False,KEEP,Day 6: The Full Plate
daily_actions:9fb9c8a8-b977-425b-9007-3956c08ae356#action_title,database,public.daily_actions,action_title,/app/day/6,True,safe_no_change_required,day_number=6;phase=1;is_extension_day=False,KEEP,The Full Plate
daily_actions:9fb9c8a8-b977-425b-9007-3956c08ae356#action_description,database,public.daily_actions,action_description,/app/day/6,True,safe_no_change_required,day_number=6;phase=1;is_extension_day=False,KEEP,"Three compliant meals today using the complete plate method. Protein first, half the plate vegetables, water with each meal."
daily_actions:9fb9c8a8-b977-425b-9007-3956c08ae356#learning_objective,database,public.daily_actions,learning_objective,/app/day/6,True,safe_no_change_required,day_number=6;phase=1;is_extension_day=False,KEEP,Execute a full compliant day for the first time.
daily_actions:fb395bd3-5817-4401-b530-61d94e3fc004#day_name,database,public.daily_actions,day_name,/app/day/7,True,safe_no_change_required,day_number=7;phase=1;is_extension_day=False,KEEP,Day 7: First Blood Sugar Check
daily_actions:fb395bd3-5817-4401-b530-61d94e3fc004#action_title,database,public.daily_actions,action_title,/app/day/7,True,safe_no_change_required,day_number=7;phase=1;is_extension_day=False,KEEP,First Blood Sugar Check
daily_actions:fb395bd3-5817-4401-b530-61d94e3fc004#action_description,database,public.daily_actions,action_description,/app/day/7,True,safe_no_change_required,day_number=7;phase=1;is_extension_day=False,KEEP,"Log your fasting blood sugar this morning. This is your real starting line — no judgment, just data we can track."
daily_actions:fb395bd3-5817-4401-b530-61d94e3fc004#learning_objective,database,public.daily_actions,learning_objective,/app/day/7,True,safe_no_change_required,day_number=7;phase=1;is_extension_day=False,KEEP,Capture a baseline blood sugar reading.
daily_actions:d5b2b857-eae1-4850-9538-961872bfa453#day_name,database,public.daily_actions,day_name,/app/day/8,True,safe_no_change_required,day_number=8;phase=1;is_extension_day=False,KEEP,Day 8: Post-Meal Walk
daily_actions:d5b2b857-eae1-4850-9538-961872bfa453#action_title,database,public.daily_actions,action_title,/app/day/8,True,safe_no_change_required,day_number=8;phase=1;is_extension_day=False,KEEP,Post-Meal Walk
daily_actions:d5b2b857-eae1-4850-9538-961872bfa453#action_description,database,public.daily_actions,action_description,/app/day/8,True,safe_no_change_required,day_number=8;phase=1;is_extension_day=False,KEEP,Ten minutes of walking after each meal today. It moves glucose into your muscles instead of your bloodstream — and it sets up Phase 2.
daily_actions:d5b2b857-eae1-4850-9538-961872bfa453#learning_objective,database,public.daily_actions,learning_objective,/app/day/8,True,safe_no_change_required,day_number=8;phase=1;is_extension_day=False,KEEP,Feel how movement after meals changes how you feel.
daily_actions:f2ac1b99-bf01-452b-b14e-f6a326ef8c33#day_name,database,public.daily_actions,day_name,/app/day/9,True,safe_no_change_required,day_number=9;phase=1;is_extension_day=False,KEEP,Day 9: Portion Audit
daily_actions:f2ac1b99-bf01-452b-b14e-f6a326ef8c33#action_title,database,public.daily_actions,action_title,/app/day/9,True,safe_no_change_required,day_number=9;phase=1;is_extension_day=False,KEEP,Portion Audit
daily_actions:f2ac1b99-bf01-452b-b14e-f6a326ef8c33#action_description,database,public.daily_actions,action_description,/app/day/9,True,safe_no_change_required,day_number=9;phase=1;is_extension_day=False,KEEP,"At one meal today, measure your carbohydrate portion against the quarter-plate rule. Most people are surprised by what they find."
daily_actions:f2ac1b99-bf01-452b-b14e-f6a326ef8c33#learning_objective,database,public.daily_actions,learning_objective,/app/day/9,True,safe_no_change_required,day_number=9;phase=1;is_extension_day=False,KEEP,Calibrate your eye for proper carbohydrate portions.
daily_actions:8b0276f9-315b-42e7-8719-b53a06de946c#day_name,database,public.daily_actions,day_name,/app/day/10,True,safe_no_change_required,day_number=10;phase=1;is_extension_day=False,KEEP,Day 10: The Swap
daily_actions:8b0276f9-315b-42e7-8719-b53a06de946c#action_title,database,public.daily_actions,action_title,/app/day/10,True,safe_no_change_required,day_number=10;phase=1;is_extension_day=False,KEEP,The Swap
daily_actions:8b0276f9-315b-42e7-8719-b53a06de946c#action_description,database,public.daily_actions,action_description,/app/day/10,True,safe_no_change_required,day_number=10;phase=1;is_extension_day=False,KEEP,"Replace one non-compliant food you would normally eat with a compliant alternative. One swap, one win."
daily_actions:8b0276f9-315b-42e7-8719-b53a06de946c#learning_objective,database,public.daily_actions,learning_objective,/app/day/10,True,safe_no_change_required,day_number=10;phase=1;is_extension_day=False,KEEP,Practice making a real-world compliant substitution.
daily_actions:1ee61452-5efd-43d2-bcb6-2c0a7f5c673c#day_name,database,public.daily_actions,day_name,/app/day/11,True,safe_no_change_required,day_number=11;phase=1;is_extension_day=False,KEEP,Day 11: Hydration Consistency
daily_actions:1ee61452-5efd-43d2-bcb6-2c0a7f5c673c#action_title,database,public.daily_actions,action_title,/app/day/11,True,safe_no_change_required,day_number=11;phase=1;is_extension_day=False,KEEP,Hydration Consistency
daily_actions:1ee61452-5efd-43d2-bcb6-2c0a7f5c673c#action_description,database,public.daily_actions,action_description,/app/day/11,True,safe_no_change_required,day_number=11;phase=1;is_extension_day=False,KEEP,Hit your full water goal before 6 PM today. Front-loading hydration prevents the evening cravings most people fight.
daily_actions:1ee61452-5efd-43d2-bcb6-2c0a7f5c673c#learning_objective,database,public.daily_actions,learning_objective,/app/day/11,True,safe_no_change_required,day_number=11;phase=1;is_extension_day=False,KEEP,Use timing to make hydration effortless.
daily_actions:2d097ba9-2e83-4ecb-939b-4bb177e1eef0#day_name,database,public.daily_actions,day_name,/app/day/12,True,safe_no_change_required,day_number=12;phase=1;is_extension_day=False,KEEP,Day 12: Snack Timing
daily_actions:2d097ba9-2e83-4ecb-939b-4bb177e1eef0#action_title,database,public.daily_actions,action_title,/app/day/12,True,safe_no_change_required,day_number=12;phase=1;is_extension_day=False,KEEP,Snack Timing
daily_actions:2d097ba9-2e83-4ecb-939b-4bb177e1eef0#action_description,database,public.daily_actions,action_description,/app/day/12,True,safe_no_change_required,day_number=12;phase=1;is_extension_day=False,KEEP,Eat snack 1 exactly two and a half hours after breakfast today. Right timing keeps blood sugar from dipping into cravings territory.
daily_actions:2d097ba9-2e83-4ecb-939b-4bb177e1eef0#learning_objective,database,public.daily_actions,learning_objective,/app/day/12,True,safe_no_change_required,day_number=12;phase=1;is_extension_day=False,KEEP,Understand why snack timing matters as much as snack content.
daily_actions:202aa6ac-f058-47cc-964d-e96da0babfe4#day_name,database,public.daily_actions,day_name,/app/day/13,True,safe_no_change_required,day_number=13;phase=1;is_extension_day=False,KEEP,Day 13: Full Compliance Day
daily_actions:202aa6ac-f058-47cc-964d-e96da0babfe4#action_title,database,public.daily_actions,action_title,/app/day/13,True,safe_no_change_required,day_number=13;phase=1;is_extension_day=False,KEEP,Full Compliance Day
daily_actions:202aa6ac-f058-47cc-964d-e96da0babfe4#action_description,database,public.daily_actions,action_description,/app/day/13,True,safe_no_change_required,day_number=13;phase=1;is_extension_day=False,KEEP,"Three fully compliant meals, water goal met, both snacks timed correctly. A complete day — proof that the structure works for you."
daily_actions:202aa6ac-f058-47cc-964d-e96da0babfe4#learning_objective,database,public.daily_actions,learning_objective,/app/day/13,True,safe_no_change_required,day_number=13;phase=1;is_extension_day=False,KEEP,Execute a full compliant day end-to-end.
daily_actions:ec4ea88d-6773-43c5-8ef9-6248b02e963d#day_name,database,public.daily_actions,day_name,/app/day/14,True,safe_no_change_required,day_number=14;phase=1;is_extension_day=False,KEEP,Day 14: Phase 1 Complete
daily_actions:ec4ea88d-6773-43c5-8ef9-6248b02e963d#action_title,database,public.daily_actions,action_title,/app/day/14,True,safe_no_change_required,day_number=14;phase=1;is_extension_day=False,KEEP,Phase 1 Complete
daily_actions:ec4ea88d-6773-43c5-8ef9-6248b02e963d#action_description,database,public.daily_actions,action_description,/app/day/14,True,safe_no_change_required,day_number=14;phase=1;is_extension_day=False,KEEP,Reflect on the last 14 days and log your weight and fasting blood sugar. Compare them to Day 1. This is your first measurable proof.
daily_actions:ec4ea88d-6773-43c5-8ef9-6248b02e963d#learning_objective,database,public.daily_actions,learning_objective,/app/day/14,True,safe_no_change_required,day_number=14;phase=1;is_extension_day=False,KEEP,Close Phase 1 with measurable evidence of change.
daily_actions:ab5dd27f-9529-4ae7-b8e2-5b823f8d5911#day_name,database,public.daily_actions,day_name,/app/day/15,True,safe_no_change_required,day_number=15;phase=1;is_extension_day=True,KEEP,E1
daily_actions:ab5dd27f-9529-4ae7-b8e2-5b823f8d5911#action_title,database,public.daily_actions,action_title,/app/day/15,True,safe_no_change_required,day_number=15;phase=1;is_extension_day=True,KEEP,Label Reads
daily_actions:ab5dd27f-9529-4ae7-b8e2-5b823f8d5911#action_description,database,public.daily_actions,action_description,/app/day/15,True,safe_no_change_required,day_number=15;phase=1;is_extension_day=True,KEEP,Read the nutrition label on every packaged food you ate today. What did you find?
daily_actions:ab5dd27f-9529-4ae7-b8e2-5b823f8d5911#learning_objective,database,public.daily_actions,learning_objective,/app/day/15,True,safe_no_change_required,day_number=15;phase=1;is_extension_day=True,KEEP,Build awareness of hidden sugars and serving sizes.
daily_actions:521ce932-0d81-4ec0-8bc3-6b74c4735e92#day_name,database,public.daily_actions,day_name,/app/day/15,True,safe_no_change_required,day_number=15;phase=2;is_extension_day=False,KEEP,Day 15: Your First Walking Day
daily_actions:521ce932-0d81-4ec0-8bc3-6b74c4735e92#action_title,database,public.daily_actions,action_title,/app/day/15,True,safe_no_change_required,day_number=15;phase=2;is_extension_day=False,KEEP,Day 15 — Your First Walking Day
daily_actions:521ce932-0d81-4ec0-8bc3-6b74c4735e92#action_description,database,public.daily_actions,action_description,/app/day/15,True,safe_no_change_required,day_number=15;phase=2;is_extension_day=False,KEEP,"Today the second pillar activates. Ten minutes after each meal, walk. Not a workout — blood sugar management. Muscle contractions pull glucose out of your bloodstream without needing insulin's help."
daily_actions:521ce932-0d81-4ec0-8bc3-6b74c4735e92#sub_tasks,database,public.daily_actions,sub_tasks,/app/day/15,True,safe_no_change_required,day_number=15;phase=2;is_extension_day=False,KEEP,"[""Walk 10 minutes after breakfast"", ""Walk 10 minutes after lunch"", ""Walk 10 minutes after dinner"", ""Log each walk in Today""]"
daily_actions:04eeaaad-546b-48f2-a9bd-043a6987ec51#day_name,database,public.daily_actions,day_name,/app/day/16,True,safe_no_change_required,day_number=16;phase=1;is_extension_day=True,KEEP,E2
daily_actions:04eeaaad-546b-48f2-a9bd-043a6987ec51#action_title,database,public.daily_actions,action_title,/app/day/16,True,safe_no_change_required,day_number=16;phase=1;is_extension_day=True,KEEP,Protein Audit
daily_actions:04eeaaad-546b-48f2-a9bd-043a6987ec51#action_description,database,public.daily_actions,action_description,/app/day/16,True,safe_no_change_required,day_number=16;phase=1;is_extension_day=True,KEEP,Measure your protein portion at every meal. Is it really 25% of the plate?
daily_actions:04eeaaad-546b-48f2-a9bd-043a6987ec51#learning_objective,database,public.daily_actions,learning_objective,/app/day/16,True,safe_no_change_required,day_number=16;phase=1;is_extension_day=True,KEEP,Calibrate visual portion sizing for protein.
daily_actions:9fa016ed-83ec-424e-8d52-042a480f439b#day_name,database,public.daily_actions,day_name,/app/day/16,True,safe_no_change_required,day_number=16;phase=2;is_extension_day=False,KEEP,Day 16: Make the Walk Automatic
daily_actions:9fa016ed-83ec-424e-8d52-042a480f439b#action_title,database,public.daily_actions,action_title,/app/day/16,True,safe_no_change_required,day_number=16;phase=2;is_extension_day=False,KEEP,Day 16 — Make the Walk Automatic
daily_actions:9fa016ed-83ec-424e-8d52-042a480f439b#action_description,database,public.daily_actions,action_description,/app/day/16,True,safe_no_change_required,day_number=16;phase=2;is_extension_day=False,KEEP,"Attach each walk to something you already do. Finish eating, plate in the sink, shoes on, out the door. The habit forms in the transition, not the walk itself."
daily_actions:9fa016ed-83ec-424e-8d52-042a480f439b#sub_tasks,database,public.daily_actions,sub_tasks,/app/day/16,True,safe_no_change_required,day_number=16;phase=2;is_extension_day=False,KEEP,"[""Pick your walking trigger (dishes done, table cleared)"", ""Complete all 3 walks"", ""Note how you feel after the dinner walk vs. yesterday""]"
daily_actions:9a31c48e-b29f-449d-87ec-2f4ac881da1f#day_name,database,public.daily_actions,day_name,/app/day/17,True,safe_no_change_required,day_number=17;phase=1;is_extension_day=True,KEEP,E3
daily_actions:9a31c48e-b29f-449d-87ec-2f4ac881da1f#action_title,database,public.daily_actions,action_title,/app/day/17,True,safe_no_change_required,day_number=17;phase=1;is_extension_day=True,KEEP,Sugar Hunt
daily_actions:9a31c48e-b29f-449d-87ec-2f4ac881da1f#action_description,database,public.daily_actions,action_description,/app/day/17,True,safe_no_change_required,day_number=17;phase=1;is_extension_day=True,KEEP,Find and name every source of added sugar in your house. Remove or replace them.
daily_actions:9a31c48e-b29f-449d-87ec-2f4ac881da1f#learning_objective,database,public.daily_actions,learning_objective,/app/day/17,True,safe_no_change_required,day_number=17;phase=1;is_extension_day=True,KEEP,Eliminate environmental sugar triggers.
daily_actions:d5ebbea0-f306-4c68-8ccd-b5ed95eb0397#day_name,database,public.daily_actions,day_name,/app/day/17,True,safe_no_change_required,day_number=17;phase=2;is_extension_day=False,KEEP,Day 17: The 2-Hour Reading Experiment
daily_actions:d5ebbea0-f306-4c68-8ccd-b5ed95eb0397#action_title,database,public.daily_actions,action_title,/app/day/17,True,safe_no_change_required,day_number=17;phase=2;is_extension_day=False,KEEP,Day 17 — The 2-Hour Reading Experiment
daily_actions:d5ebbea0-f306-4c68-8ccd-b5ed95eb0397#action_description,database,public.daily_actions,action_description,/app/day/17,True,safe_no_change_required,day_number=17;phase=2;is_extension_day=False,KEEP,"Today, take one post-meal reading 2 hours after a meal you walked after. Compare it to a reading from Phase 1. You're collecting evidence that this works on YOUR body."
daily_actions:d5ebbea0-f306-4c68-8ccd-b5ed95eb0397#sub_tasks,database,public.daily_actions,sub_tasks,/app/day/17,True,safe_no_change_required,day_number=17;phase=2;is_extension_day=False,KEEP,"[""Log a 2-hour post-meal reading after your walked lunch"", ""Compare with a Phase 1 post-meal reading in Progress"", ""All 3 walks""]"
daily_actions:2f15e742-419c-4af7-89d0-a01111f8609f#day_name,database,public.daily_actions,day_name,/app/day/18,True,safe_no_change_required,day_number=18;phase=1;is_extension_day=True,KEEP,E4
daily_actions:2f15e742-419c-4af7-89d0-a01111f8609f#action_title,database,public.daily_actions,action_title,/app/day/18,True,safe_no_change_required,day_number=18;phase=1;is_extension_day=True,KEEP,No-Drink Day
daily_actions:2f15e742-419c-4af7-89d0-a01111f8609f#action_description,database,public.daily_actions,action_description,/app/day/18,True,safe_no_change_required,day_number=18;phase=1;is_extension_day=True,KEEP,"Water only today. No juice, no sodas, no sweetened teas. Just water."
daily_actions:2f15e742-419c-4af7-89d0-a01111f8609f#learning_objective,database,public.daily_actions,learning_objective,/app/day/18,True,safe_no_change_required,day_number=18;phase=1;is_extension_day=True,KEEP,Reset liquid calorie habits.
daily_actions:33eb46c2-5fab-4d91-a412-d304b64fa1f0#day_name,database,public.daily_actions,day_name,/app/day/18,True,safe_no_change_required,day_number=18;phase=2;is_extension_day=False,KEEP,Day 18: Weather-Proof Your Walks
daily_actions:33eb46c2-5fab-4d91-a412-d304b64fa1f0#action_title,database,public.daily_actions,action_title,/app/day/18,True,safe_no_change_required,day_number=18;phase=2;is_extension_day=False,KEEP,Day 18 — Weather-Proof Your Walks
daily_actions:33eb46c2-5fab-4d91-a412-d304b64fa1f0#action_description,database,public.daily_actions,action_description,/app/day/18,True,safe_no_change_required,day_number=18;phase=2;is_extension_day=False,KEEP,"Rain, heat, or a rough day will come. Decide now what your indoor version is — marching on the spot through a song playlist, walking the corridor, stairs. No zero days."
daily_actions:33eb46c2-5fab-4d91-a412-d304b64fa1f0#sub_tasks,database,public.daily_actions,sub_tasks,/app/day/18,True,safe_no_change_required,day_number=18;phase=2;is_extension_day=False,KEEP,"[""Choose your indoor backup plan"", ""Complete all 3 walks (indoor counts)"", ""Hit your water target""]"
daily_actions:f29ee253-cd17-4b94-b2bb-706f8a49c429#day_name,database,public.daily_actions,day_name,/app/day/19,True,safe_no_change_required,day_number=19;phase=1;is_extension_day=True,KEEP,E5
daily_actions:f29ee253-cd17-4b94-b2bb-706f8a49c429#action_title,database,public.daily_actions,action_title,/app/day/19,True,safe_no_change_required,day_number=19;phase=1;is_extension_day=True,KEEP,Eat Slowly
daily_actions:f29ee253-cd17-4b94-b2bb-706f8a49c429#action_description,database,public.daily_actions,action_description,/app/day/19,True,safe_no_change_required,day_number=19;phase=1;is_extension_day=True,KEEP,Put your fork down between every bite at every meal today.
daily_actions:f29ee253-cd17-4b94-b2bb-706f8a49c429#learning_objective,database,public.daily_actions,learning_objective,/app/day/19,True,safe_no_change_required,day_number=19;phase=1;is_extension_day=True,KEEP,Practice satiety awareness.
daily_actions:ff53381c-d2c5-4a94-b2f6-d219297f4276#day_name,database,public.daily_actions,day_name,/app/day/19,True,safe_no_change_required,day_number=19;phase=2;is_extension_day=False,KEEP,Day 19: Walk With Someone
daily_actions:ff53381c-d2c5-4a94-b2f6-d219297f4276#action_title,database,public.daily_actions,action_title,/app/day/19,True,safe_no_change_required,day_number=19;phase=2;is_extension_day=False,KEEP,Day 19 — Walk With Someone
daily_actions:ff53381c-d2c5-4a94-b2f6-d219297f4276#action_description,database,public.daily_actions,action_description,/app/day/19,True,safe_no_change_required,day_number=19;phase=2;is_extension_day=False,KEEP,"Invite someone to one walk today — partner, child, friend on the phone. Accountability you enjoy is accountability that lasts."
daily_actions:ff53381c-d2c5-4a94-b2f6-d219297f4276#sub_tasks,database,public.daily_actions,sub_tasks,/app/day/19,True,safe_no_change_required,day_number=19;phase=2;is_extension_day=False,KEEP,"[""One walk with company (in person or on a call)"", ""All 3 walks complete"", ""Log all 3 plate-method meals""]"
daily_actions:2ac62423-19ef-4ae3-a041-2b71918438a9#day_name,database,public.daily_actions,day_name,/app/day/20,True,safe_no_change_required,day_number=20;phase=1;is_extension_day=True,KEEP,E6
daily_actions:2ac62423-19ef-4ae3-a041-2b71918438a9#action_title,database,public.daily_actions,action_title,/app/day/20,True,safe_no_change_required,day_number=20;phase=1;is_extension_day=True,KEEP,Full Plate Every Meal
daily_actions:2ac62423-19ef-4ae3-a041-2b71918438a9#action_description,database,public.daily_actions,action_description,/app/day/20,True,safe_no_change_required,day_number=20;phase=1;is_extension_day=True,KEEP,Three fully compliant plates today. No shortcuts. Prove you own this skill.
daily_actions:2ac62423-19ef-4ae3-a041-2b71918438a9#learning_objective,database,public.daily_actions,learning_objective,/app/day/20,True,safe_no_change_required,day_number=20;phase=1;is_extension_day=True,KEEP,Demonstrate mastery of the plate method.
daily_actions:33846b14-71ab-45ed-9ace-7ae7195519d4#day_name,database,public.daily_actions,day_name,/app/day/20,True,safe_no_change_required,day_number=20;phase=2;is_extension_day=False,KEEP,Day 20: Foundation Check
daily_actions:33846b14-71ab-45ed-9ace-7ae7195519d4#action_title,database,public.daily_actions,action_title,/app/day/20,True,safe_no_change_required,day_number=20;phase=2;is_extension_day=False,KEEP,Day 20 — Foundation Check
daily_actions:33846b14-71ab-45ed-9ace-7ae7195519d4#action_description,database,public.daily_actions,action_description,/app/day/20,True,fasting_scheduling,day_number=20;phase=2;is_extension_day=False,CLINICIAN REVIEW REQUIRED,"Tomorrow, intermittent fasting unlocks if your foundation is solid. Today, run a clean day: 3 plate-method meals, 3 walks, water target, mindset read. This is the qualifying lap."
daily_actions:33846b14-71ab-45ed-9ace-7ae7195519d4#sub_tasks,database,public.daily_actions,sub_tasks,/app/day/20,True,safe_no_change_required,day_number=20;phase=2;is_extension_day=False,KEEP,"[""3 plate-method meals logged"", ""3 walks logged"", ""Water target hit"", ""Mindset card read""]"
daily_actions:50978b95-2dbd-45db-bab1-2351af515616#day_name,database,public.daily_actions,day_name,/app/day/21,True,safe_no_change_required,day_number=21;phase=1;is_extension_day=True,KEEP,E7
daily_actions:50978b95-2dbd-45db-bab1-2351af515616#action_title,database,public.daily_actions,action_title,/app/day/21,True,safe_no_change_required,day_number=21;phase=1;is_extension_day=True,KEEP,Reflection
daily_actions:50978b95-2dbd-45db-bab1-2351af515616#action_description,database,public.daily_actions,action_description,/app/day/21,True,safe_no_change_required,day_number=21;phase=1;is_extension_day=True,KEEP,Write 3 things you learned about your eating habits in the past 21 days.
daily_actions:50978b95-2dbd-45db-bab1-2351af515616#learning_objective,database,public.daily_actions,learning_objective,/app/day/21,True,safe_no_change_required,day_number=21;phase=1;is_extension_day=True,KEEP,Consolidate insights from the extension.
daily_actions:40dda16e-af13-48f1-b9f1-65b1a844e1cd#day_name,database,public.daily_actions,day_name,/app/day/21,True,fasting_scheduling,day_number=21;phase=2;is_extension_day=False,CLINICIAN REVIEW REQUIRED,Day 21: Intermittent Fasting Unlocks
daily_actions:40dda16e-af13-48f1-b9f1-65b1a844e1cd#action_title,database,public.daily_actions,action_title,/app/day/21,True,fasting_scheduling,day_number=21;phase=2;is_extension_day=False,CLINICIAN REVIEW REQUIRED,Day 21 — Intermittent Fasting Unlocks
daily_actions:40dda16e-af13-48f1-b9f1-65b1a844e1cd#action_description,database,public.daily_actions,action_description,/app/day/21,True,fasting_scheduling,day_number=21;phase=2;is_extension_day=False,CLINICIAN REVIEW REQUIRED,"The Fasting tab is now open. Read the Intermittent Fasting Guide in Learn before you decide anything. IF is optional — a tool, not a requirement. If you take medication that lowers blood sugar, talk to your doctor first."
daily_actions:40dda16e-af13-48f1-b9f1-65b1a844e1cd#sub_tasks,database,public.daily_actions,sub_tasks,/app/day/21,True,safe_no_change_required,day_number=21;phase=2;is_extension_day=False,KEEP,"[""Read the IF Guide in Learn"", ""Decide: trying IF this week, or not yet (both are valid)"", ""All 3 walks""]"
daily_actions:3c95f02d-8467-475c-a4bb-de43588bc907#day_name,database,public.daily_actions,day_name,/app/day/22,True,safe_no_change_required,day_number=22;phase=2;is_extension_day=False,KEEP,Day 22: Protein First
daily_actions:3c95f02d-8467-475c-a4bb-de43588bc907#action_title,database,public.daily_actions,action_title,/app/day/22,True,safe_no_change_required,day_number=22;phase=2;is_extension_day=False,KEEP,Day 22 — Protein First
daily_actions:3c95f02d-8467-475c-a4bb-de43588bc907#action_description,database,public.daily_actions,action_description,/app/day/22,True,safe_no_change_required,day_number=22;phase=2;is_extension_day=False,KEEP,"Whatever you eat first hits your bloodstream first. Today, start every meal with the protein on your plate, then vegetables, carbs last. Same food, flatter curve."
daily_actions:3c95f02d-8467-475c-a4bb-de43588bc907#sub_tasks,database,public.daily_actions,sub_tasks,/app/day/22,True,safe_no_change_required,day_number=22;phase=2;is_extension_day=False,KEEP,"[""Eat protein first at all 3 meals"", ""All 3 walks"", ""Log a post-meal reading if you can""]"
daily_actions:43b739ad-c535-41bb-84aa-5f802ced6412#day_name,database,public.daily_actions,day_name,/app/day/23,True,safe_no_change_required,day_number=23;phase=2;is_extension_day=False,KEEP,Day 23: The Snack Audit
daily_actions:43b739ad-c535-41bb-84aa-5f802ced6412#action_title,database,public.daily_actions,action_title,/app/day/23,True,safe_no_change_required,day_number=23;phase=2;is_extension_day=False,KEEP,Day 23 — The Snack Audit
daily_actions:43b739ad-c535-41bb-84aa-5f802ced6412#action_description,database,public.daily_actions,action_description,/app/day/23,True,safe_no_change_required,day_number=23;phase=2;is_extension_day=False,KEEP,Look at your last week of snacks. Were they in the window (3–4 hours after meals)? Were they from the library? Tighten one thing today.
daily_actions:43b739ad-c535-41bb-84aa-5f802ced6412#detail,database,public.daily_actions,detail,/app/day/23,True,safe_no_change_required,day_number=23;phase=2;is_extension_day=False,KEEP,"{""snack_timing_note"": ""Snacks work best 3–4 hours after a main meal, and are mainly for bridging gaps longer than 5 hours.""}"
daily_actions:43b739ad-c535-41bb-84aa-5f802ced6412#sub_tasks,database,public.daily_actions,sub_tasks,/app/day/23,True,safe_no_change_required,day_number=23;phase=2;is_extension_day=False,KEEP,"[""Review this week's snack timing"", ""Choose today's snacks from the Snack Library"", ""All 3 walks""]"
daily_actions:fbea7eb7-a1cc-4db4-9673-f25ea57d23bd#day_name,database,public.daily_actions,day_name,/app/day/24,True,safe_no_change_required,day_number=24;phase=2;is_extension_day=False,KEEP,Day 24: Sleep Is a Blood Sugar Tool
daily_actions:fbea7eb7-a1cc-4db4-9673-f25ea57d23bd#action_title,database,public.daily_actions,action_title,/app/day/24,True,safe_no_change_required,day_number=24;phase=2;is_extension_day=False,KEEP,Day 24 — Sleep Is a Blood Sugar Tool
daily_actions:fbea7eb7-a1cc-4db4-9673-f25ea57d23bd#action_description,database,public.daily_actions,action_description,/app/day/24,True,insulin_sensitivity_claim,day_number=24;phase=2;is_extension_day=False,CLINICIAN REVIEW REQUIRED,"One poor night can measurably blunt insulin sensitivity the next day. Tonight: screens off 30 minutes earlier, bedroom cooler, same wake time tomorrow."
daily_actions:fbea7eb7-a1cc-4db4-9673-f25ea57d23bd#sub_tasks,database,public.daily_actions,sub_tasks,/app/day/24,True,safe_no_change_required,day_number=24;phase=2;is_extension_day=False,KEEP,"[""Set a tonight bedtime and keep it"", ""Screens off 30 min before"", ""All 3 walks""]"
daily_actions:775ec303-4c00-433c-b7ea-cb068bccfbf8#day_name,database,public.daily_actions,day_name,/app/day/25,True,safe_no_change_required,day_number=25;phase=2;is_extension_day=False,KEEP,Day 25: Ten Days of Walks
daily_actions:775ec303-4c00-433c-b7ea-cb068bccfbf8#action_title,database,public.daily_actions,action_title,/app/day/25,True,safe_no_change_required,day_number=25;phase=2;is_extension_day=False,KEEP,Day 25 — Ten Days of Walks
daily_actions:775ec303-4c00-433c-b7ea-cb068bccfbf8#action_description,database,public.daily_actions,action_description,/app/day/25,True,safe_no_change_required,day_number=25;phase=2;is_extension_day=False,KEEP,"You've banked 30 walks. That is not a small thing — that's 30 separate interventions on your glucose. Today, notice the other changes: energy, sleep, mood."
daily_actions:775ec303-4c00-433c-b7ea-cb068bccfbf8#sub_tasks,database,public.daily_actions,sub_tasks,/app/day/25,True,safe_no_change_required,day_number=25;phase=2;is_extension_day=False,KEEP,"[""All 3 walks"", ""Write one sentence in your blood sugar log notes: what feels different"", ""Water target""]"
daily_actions:46cee44c-a9e3-4f78-a46c-a9739c1708a4#day_name,database,public.daily_actions,day_name,/app/day/26,True,safe_no_change_required,day_number=26;phase=2;is_extension_day=False,KEEP,Day 26: Restaurant-Proof the Plate
daily_actions:46cee44c-a9e3-4f78-a46c-a9739c1708a4#action_title,database,public.daily_actions,action_title,/app/day/26,True,safe_no_change_required,day_number=26;phase=2;is_extension_day=False,KEEP,Day 26 — Restaurant-Proof the Plate
daily_actions:46cee44c-a9e3-4f78-a46c-a9739c1708a4#action_description,database,public.daily_actions,action_description,/app/day/26,True,safe_no_change_required,day_number=26;phase=2;is_extension_day=False,KEEP,"Eating out is not a threat; it's a test you can pass. Half the plate vegetables (order a side salad or extra veg), quarter protein, quarter carbs, water to drink. Practice it today or plan it for the weekend."
daily_actions:46cee44c-a9e3-4f78-a46c-a9739c1708a4#sub_tasks,database,public.daily_actions,sub_tasks,/app/day/26,True,safe_no_change_required,day_number=26;phase=2;is_extension_day=False,KEEP,"[""Plan or execute one plate-method meal away from home"", ""All 3 walks"", ""All meals logged""]"
daily_actions:352db572-a3a8-468c-afd0-bd6aec611af9#day_name,database,public.daily_actions,day_name,/app/day/27,True,safe_no_change_required,day_number=27;phase=2;is_extension_day=False,KEEP,Day 27: Teach It to Someone
daily_actions:352db572-a3a8-468c-afd0-bd6aec611af9#action_title,database,public.daily_actions,action_title,/app/day/27,True,safe_no_change_required,day_number=27;phase=2;is_extension_day=False,KEEP,Day 27 — Teach It to Someone
daily_actions:352db572-a3a8-468c-afd0-bd6aec611af9#action_description,database,public.daily_actions,action_description,/app/day/27,True,safe_no_change_required,day_number=27;phase=2;is_extension_day=False,KEEP,"Explain the plate method to one person today, out loud. If you can teach it in 30 seconds, you own it for life."
daily_actions:352db572-a3a8-468c-afd0-bd6aec611af9#sub_tasks,database,public.daily_actions,sub_tasks,/app/day/27,True,safe_no_change_required,day_number=27;phase=2;is_extension_day=False,KEEP,"[""Explain the plate method to someone"", ""All 3 walks"", ""Mindset card read""]"
daily_actions:73323990-079e-452d-8f04-547c989c01a8#day_name,database,public.daily_actions,day_name,/app/day/28,True,safe_no_change_required,day_number=28;phase=2;is_extension_day=False,KEEP,Day 28: Phase 2 Complete
daily_actions:73323990-079e-452d-8f04-547c989c01a8#action_title,database,public.daily_actions,action_title,/app/day/28,True,safe_no_change_required,day_number=28;phase=2;is_extension_day=False,KEEP,Day 28 — Phase 2 Complete
daily_actions:73323990-079e-452d-8f04-547c989c01a8#action_description,database,public.daily_actions,action_description,/app/day/28,True,safe_no_change_required,day_number=28;phase=2;is_extension_day=False,KEEP,"Fourteen days of diet. Fourteen more with walks layered on. Tomorrow, structured workouts unlock — short, joint-friendly, designed for where you are. Tonight, rest well. You've earned the next level."
daily_actions:73323990-079e-452d-8f04-547c989c01a8#sub_tasks,database,public.daily_actions,sub_tasks,/app/day/28,True,safe_no_change_required,day_number=28;phase=2;is_extension_day=False,KEEP,"[""All 3 walks"", ""All 3 meals"", ""Read tomorrow's preview in the Workouts tab (it unlocks in the morning)""]"
daily_actions:6bd7567a-1a02-46c7-8e3f-262971a41687#day_name,database,public.daily_actions,day_name,/app/day/29,True,safe_no_change_required,day_number=29;phase=3;is_extension_day=False,KEEP,Day 29: First Workout Day
daily_actions:6bd7567a-1a02-46c7-8e3f-262971a41687#action_title,database,public.daily_actions,action_title,/app/day/29,True,safe_no_change_required,day_number=29;phase=3;is_extension_day=False,KEEP,Day 29 — First Workout Day
daily_actions:6bd7567a-1a02-46c7-8e3f-262971a41687#action_description,database,public.daily_actions,action_description,/app/day/29,True,safe_no_change_required,day_number=29;phase=3;is_extension_day=False,KEEP,"The Workouts tab is open. Pick Track A (standard) or Track B (knee-friendly). Your first session is short by design — the goal today is done, not impressive."
daily_actions:6bd7567a-1a02-46c7-8e3f-262971a41687#sub_tasks,database,public.daily_actions,sub_tasks,/app/day/29,True,safe_no_change_required,day_number=29;phase=3;is_extension_day=False,KEEP,"[""Complete your first workout (either track)"", ""Keep 2 of your 3 post-meal walks (workout replaces one)"", ""Log everything""]"
daily_actions:38c44af4-d931-4f18-bd9b-bcd906a28b94#day_name,database,public.daily_actions,day_name,/app/day/30,True,safe_no_change_required,day_number=30;phase=3;is_extension_day=False,KEEP,Day 30: Measurement Day
daily_actions:38c44af4-d931-4f18-bd9b-bcd906a28b94#action_title,database,public.daily_actions,action_title,/app/day/30,True,safe_no_change_required,day_number=30;phase=3;is_extension_day=False,KEEP,Day 30 — Measurement Day
daily_actions:38c44af4-d931-4f18-bd9b-bcd906a28b94#action_description,database,public.daily_actions,action_description,/app/day/30,True,safe_no_change_required,day_number=30;phase=3;is_extension_day=False,KEEP,"The tape measure sees what the scale hides. Waist, hips, chest. Same time of day as your Day 1 numbers, same conditions."
daily_actions:38c44af4-d931-4f18-bd9b-bcd906a28b94#sub_tasks,database,public.daily_actions,sub_tasks,/app/day/30,True,safe_no_change_required,day_number=30;phase=3;is_extension_day=False,KEEP,"[""Log your monthly measurements in Progress"", ""Compare with Day 1 — write one line about what changed"", ""Walks/workout per your new schedule""]"
daily_actions:27e5cc08-3010-47c1-aaac-400841f79974#day_name,database,public.daily_actions,day_name,/app/day/31,True,safe_no_change_required,day_number=31;phase=3;is_extension_day=False,KEEP,Day 31: Muscle Is Your Glucose Sponge
daily_actions:27e5cc08-3010-47c1-aaac-400841f79974#action_title,database,public.daily_actions,action_title,/app/day/31,True,safe_no_change_required,day_number=31;phase=3;is_extension_day=False,KEEP,Day 31 — Muscle Is Your Glucose Sponge
daily_actions:27e5cc08-3010-47c1-aaac-400841f79974#action_description,database,public.daily_actions,action_description,/app/day/31,True,safe_no_change_required,day_number=31;phase=3;is_extension_day=False,KEEP,"Every workout builds tissue that absorbs glucose. This is why exercise compounds — you're not burning sugar once, you're building the machinery that handles it forever."
daily_actions:27e5cc08-3010-47c1-aaac-400841f79974#sub_tasks,database,public.daily_actions,sub_tasks,/app/day/31,True,safe_no_change_required,day_number=31;phase=3;is_extension_day=False,KEEP,"[""Workout or 3 walks per your schedule"", ""Protein at every meal today"", ""Water target""]"
daily_actions:cfd2714e-f7bc-42ec-8e46-354e6bb6d657#day_name,database,public.daily_actions,day_name,/app/day/32,True,safe_no_change_required,day_number=32;phase=3;is_extension_day=False,KEEP,Day 32: The Rest Day Rule
daily_actions:cfd2714e-f7bc-42ec-8e46-354e6bb6d657#action_title,database,public.daily_actions,action_title,/app/day/32,True,safe_no_change_required,day_number=32;phase=3;is_extension_day=False,KEEP,Day 32 — The Rest Day Rule
daily_actions:cfd2714e-f7bc-42ec-8e46-354e6bb6d657#action_description,database,public.daily_actions,action_description,/app/day/32,True,safe_no_change_required,day_number=32;phase=3;is_extension_day=False,KEEP,"Rest days are training days for recovery. No workout today — but walks stay. Movement every day, intensity some days."
daily_actions:cfd2714e-f7bc-42ec-8e46-354e6bb6d657#sub_tasks,database,public.daily_actions,sub_tasks,/app/day/32,True,safe_no_change_required,day_number=32;phase=3;is_extension_day=False,KEEP,"[""3 post-meal walks"", ""Stretch 5 minutes before bed"", ""Mindset card""]"
daily_actions:a49b6ccd-f9bc-4248-b1c4-e354ff0a5e84#day_name,database,public.daily_actions,day_name,/app/day/33,True,safe_no_change_required,day_number=33;phase=3;is_extension_day=False,KEEP,Day 33: Second Workout
daily_actions:a49b6ccd-f9bc-4248-b1c4-e354ff0a5e84#action_title,database,public.daily_actions,action_title,/app/day/33,True,safe_no_change_required,day_number=33;phase=3;is_extension_day=False,KEEP,Day 33 — Second Workout
daily_actions:a49b6ccd-f9bc-4248-b1c4-e354ff0a5e84#action_description,database,public.daily_actions,action_description,/app/day/33,True,safe_no_change_required,day_number=33;phase=3;is_extension_day=False,KEEP,"Same track as Day 29, or switch — your call. Notice: was anything easier than the first time? That's adaptation, and it's fast at the start."
daily_actions:a49b6ccd-f9bc-4248-b1c4-e354ff0a5e84#sub_tasks,database,public.daily_actions,sub_tasks,/app/day/33,True,safe_no_change_required,day_number=33;phase=3;is_extension_day=False,KEEP,"[""Complete workout #2"", ""2 walks"", ""Log a post-meal reading""]"
daily_actions:ced1d3d1-87c5-4f82-8a41-bdc16694fc07#day_name,database,public.daily_actions,day_name,/app/day/34,True,safe_no_change_required,day_number=34;phase=3;is_extension_day=False,KEEP,Day 34: Kitchen Reset
daily_actions:ced1d3d1-87c5-4f82-8a41-bdc16694fc07#action_title,database,public.daily_actions,action_title,/app/day/34,True,safe_no_change_required,day_number=34;phase=3;is_extension_day=False,KEEP,Day 34 — Kitchen Reset
daily_actions:ced1d3d1-87c5-4f82-8a41-bdc16694fc07#action_description,database,public.daily_actions,action_description,/app/day/34,True,safe_no_change_required,day_number=34;phase=3;is_extension_day=False,KEEP,Ten minutes: clear one shelf of anything that fights your plate. Not the whole kitchen — one shelf. Make the right choice the easy choice.
daily_actions:ced1d3d1-87c5-4f82-8a41-bdc16694fc07#sub_tasks,database,public.daily_actions,sub_tasks,/app/day/34,True,safe_no_change_required,day_number=34;phase=3;is_extension_day=False,KEEP,"[""Clear one shelf/drawer"", ""All meals plate-method"", ""Walks per schedule""]"
daily_actions:85a4c33f-3764-4832-842b-a2640ed0ce6f#day_name,database,public.daily_actions,day_name,/app/day/35,True,safe_no_change_required,day_number=35;phase=3;is_extension_day=False,KEEP,Day 35: Five Weeks In
daily_actions:85a4c33f-3764-4832-842b-a2640ed0ce6f#action_title,database,public.daily_actions,action_title,/app/day/35,True,safe_no_change_required,day_number=35;phase=3;is_extension_day=False,KEEP,Day 35 — Five Weeks In
daily_actions:85a4c33f-3764-4832-842b-a2640ed0ce6f#action_description,database,public.daily_actions,action_description,/app/day/35,True,safe_no_change_required,day_number=35;phase=3;is_extension_day=False,KEEP,"Thirty-five days of decisions. Check your Progress tab: blood sugar trend, weight trend. The direction matters more than any single number."
daily_actions:85a4c33f-3764-4832-842b-a2640ed0ce6f#sub_tasks,database,public.daily_actions,sub_tasks,/app/day/35,True,safe_no_change_required,day_number=35;phase=3;is_extension_day=False,KEEP,"[""Review your trends in Progress"", ""Workout or walks per schedule"", ""Share one win in the community (Ask → Wins) if you have one — someone on Day 3 needs to see it""]"
daily_actions:c18d579b-19c5-4862-b8a5-a4848ab3a57a#day_name,database,public.daily_actions,day_name,/app/day/36,True,safe_no_change_required,day_number=36;phase=3;is_extension_day=False,KEEP,Day 36: Mindset Week 6 Unlocks
daily_actions:c18d579b-19c5-4862-b8a5-a4848ab3a57a#action_title,database,public.daily_actions,action_title,/app/day/36,True,safe_no_change_required,day_number=36;phase=3;is_extension_day=False,KEEP,Day 36 — Mindset Week 6 Unlocks
daily_actions:c18d579b-19c5-4862-b8a5-a4848ab3a57a#action_description,database,public.daily_actions,action_description,/app/day/36,True,safe_no_change_required,day_number=36;phase=3;is_extension_day=False,KEEP,Momentum is this week's theme in Learn. Read the first card today — it pairs with exactly where you are.
daily_actions:c18d579b-19c5-4862-b8a5-a4848ab3a57a#sub_tasks,database,public.daily_actions,sub_tasks,/app/day/36,True,safe_no_change_required,day_number=36;phase=3;is_extension_day=False,KEEP,"[""Read Mindset Week 6, card 1"", ""Walks/workout per schedule"", ""Water target""]"
daily_actions:507f1fde-da03-4d83-a1f5-1e493e2df631#day_name,database,public.daily_actions,day_name,/app/day/37,True,safe_no_change_required,day_number=37;phase=3;is_extension_day=False,KEEP,Day 37: The Plateau Truth
daily_actions:507f1fde-da03-4d83-a1f5-1e493e2df631#action_title,database,public.daily_actions,action_title,/app/day/37,True,safe_no_change_required,day_number=37;phase=3;is_extension_day=False,KEEP,Day 37 — The Plateau Truth
daily_actions:507f1fde-da03-4d83-a1f5-1e493e2df631#action_description,database,public.daily_actions,action_description,/app/day/37,True,safe_no_change_required,day_number=37;phase=3;is_extension_day=False,KEEP,"If the scale has stalled, read this twice: fat loss and glucose repair continue even when weight pauses. Your post-meal readings are the honest metric this week."
daily_actions:507f1fde-da03-4d83-a1f5-1e493e2df631#sub_tasks,database,public.daily_actions,sub_tasks,/app/day/37,True,safe_no_change_required,day_number=37;phase=3;is_extension_day=False,KEEP,"[""Log 2 post-meal readings today"", ""All meals logged"", ""Walks/workout per schedule""]"
daily_actions:3fc30b6e-21e1-4e4c-b194-7eac08a5a64f#day_name,database,public.daily_actions,day_name,/app/day/38,True,safe_no_change_required,day_number=38;phase=3;is_extension_day=False,KEEP,Day 38: Workout Three
daily_actions:3fc30b6e-21e1-4e4c-b194-7eac08a5a64f#action_title,database,public.daily_actions,action_title,/app/day/38,True,safe_no_change_required,day_number=38;phase=3;is_extension_day=False,KEEP,Day 38 — Workout Three
daily_actions:3fc30b6e-21e1-4e4c-b194-7eac08a5a64f#action_description,database,public.daily_actions,action_description,/app/day/38,True,safe_no_change_required,day_number=38;phase=3;is_extension_day=False,KEEP,"Third session. If Track A has felt too easy, this is the day to try the next progression. If it's felt hard, repeat — repetition is progress too."
daily_actions:3fc30b6e-21e1-4e4c-b194-7eac08a5a64f#sub_tasks,database,public.daily_actions,sub_tasks,/app/day/38,True,safe_no_change_required,day_number=38;phase=3;is_extension_day=False,KEEP,"[""Complete workout #3"", ""2 walks"", ""Protein-first at all meals""]"
daily_actions:30608659-33ba-427f-b38b-bee2ff0190fc#day_name,database,public.daily_actions,day_name,/app/day/39,True,safe_no_change_required,day_number=39;phase=3;is_extension_day=False,KEEP,Day 39: Hydration Audit
daily_actions:30608659-33ba-427f-b38b-bee2ff0190fc#action_title,database,public.daily_actions,action_title,/app/day/39,True,safe_no_change_required,day_number=39;phase=3;is_extension_day=False,KEEP,Day 39 — Hydration Audit
daily_actions:30608659-33ba-427f-b38b-bee2ff0190fc#action_description,database,public.daily_actions,action_description,/app/day/39,True,safe_no_change_required,day_number=39;phase=3;is_extension_day=False,KEEP,"Check your water logs this week. If you're consistently short, move the target earlier: half your daily water before 2 PM."
daily_actions:30608659-33ba-427f-b38b-bee2ff0190fc#sub_tasks,database,public.daily_actions,sub_tasks,/app/day/39,True,safe_no_change_required,day_number=39;phase=3;is_extension_day=False,KEEP,"[""Half your water target by 2 PM"", ""Full target by evening"", ""Walks per schedule""]"
daily_actions:99bd3691-a094-4a5c-a4e9-3b73b45bacd4#day_name,database,public.daily_actions,day_name,/app/day/40,True,safe_no_change_required,day_number=40;phase=3;is_extension_day=False,KEEP,Day 40: Forty Days
daily_actions:99bd3691-a094-4a5c-a4e9-3b73b45bacd4#action_title,database,public.daily_actions,action_title,/app/day/40,True,safe_no_change_required,day_number=40;phase=3;is_extension_day=False,KEEP,Day 40 — Forty Days
daily_actions:99bd3691-a094-4a5c-a4e9-3b73b45bacd4#action_description,database,public.daily_actions,action_description,/app/day/40,True,safe_no_change_required,day_number=40;phase=3;is_extension_day=False,KEEP,"Most programs lose people by Day 10. You're at 40. Today, do nothing new — just execute the basics cleanly and let that be the point."
daily_actions:99bd3691-a094-4a5c-a4e9-3b73b45bacd4#sub_tasks,database,public.daily_actions,sub_tasks,/app/day/40,True,safe_no_change_required,day_number=40;phase=3;is_extension_day=False,KEEP,"[""3 plate-method meals"", ""Walks/workout per schedule"", ""Mindset card""]"
daily_actions:4deafb5a-5e9b-4547-bd62-e1e2a2cbb930#day_name,database,public.daily_actions,day_name,/app/day/41,True,safe_no_change_required,day_number=41;phase=3;is_extension_day=False,KEEP,Day 41: Prep for Week 7
daily_actions:4deafb5a-5e9b-4547-bd62-e1e2a2cbb930#action_title,database,public.daily_actions,action_title,/app/day/41,True,safe_no_change_required,day_number=41;phase=3;is_extension_day=False,KEEP,Day 41 — Prep for Week 7
daily_actions:4deafb5a-5e9b-4547-bd62-e1e2a2cbb930#action_description,database,public.daily_actions,action_description,/app/day/41,True,safe_no_change_required,day_number=41;phase=3;is_extension_day=False,KEEP,"Sunday-style reset whatever day this lands on: glance at your Week 3 meal plan in Meals, note 2 ingredients to buy, pick your workout days for the coming week."
daily_actions:4deafb5a-5e9b-4547-bd62-e1e2a2cbb930#sub_tasks,database,public.daily_actions,sub_tasks,/app/day/41,True,safe_no_change_required,day_number=41;phase=3;is_extension_day=False,KEEP,"[""Review the week ahead in Meals"", ""Set your 3 workout/walk days"", ""Water target""]"
daily_actions:039f96ab-6e3c-49c5-a4c1-151639681c97#day_name,database,public.daily_actions,day_name,/app/day/42,True,safe_no_change_required,day_number=42;phase=3;is_extension_day=False,KEEP,Day 42: Six Weeks Complete
daily_actions:039f96ab-6e3c-49c5-a4c1-151639681c97#action_title,database,public.daily_actions,action_title,/app/day/42,True,safe_no_change_required,day_number=42;phase=3;is_extension_day=False,KEEP,Day 42 — Six Weeks Complete
daily_actions:039f96ab-6e3c-49c5-a4c1-151639681c97#action_description,database,public.daily_actions,action_description,/app/day/42,True,safe_no_change_required,day_number=42;phase=3;is_extension_day=False,KEEP,Six weeks. Your A1C test at Day 90 is now seven weeks away — and every day between now and then is already writing that number. Keep voting.
daily_actions:039f96ab-6e3c-49c5-a4c1-151639681c97#sub_tasks,database,public.daily_actions,sub_tasks,/app/day/42,True,safe_no_change_required,day_number=42;phase=3;is_extension_day=False,KEEP,"[""All rings closed today"", ""Write one line: the biggest change since Day 1"", ""Book nothing, change nothing — just show up tomorrow""]"
daily_actions:abd34389-152b-4cd6-8a1e-e2f9278e4381#day_name,database,public.daily_actions,day_name,/app/day/43,True,safe_no_change_required,day_number=43;phase=3;is_extension_day=False,KEEP,Day 43: Week Seven Opens
daily_actions:abd34389-152b-4cd6-8a1e-e2f9278e4381#action_title,database,public.daily_actions,action_title,/app/day/43,True,safe_no_change_required,day_number=43;phase=3;is_extension_day=False,KEEP,Day 43 — Week Seven Opens
daily_actions:abd34389-152b-4cd6-8a1e-e2f9278e4381#action_description,database,public.daily_actions,action_description,/app/day/43,True,safe_no_change_required,day_number=43;phase=3;is_extension_day=False,KEEP,Six weeks built the machine. This week is about running it without thinking.
daily_actions:abd34389-152b-4cd6-8a1e-e2f9278e4381#sub_tasks,database,public.daily_actions,sub_tasks,/app/day/43,True,safe_no_change_required,day_number=43;phase=3;is_extension_day=False,KEEP,"[""Workout or 3 walks per your schedule"", ""3 plate-method meals"", ""Water target""]"
daily_actions:9e514f62-b0ea-49c4-8f68-77b46c868da7#day_name,database,public.daily_actions,day_name,/app/day/44,True,safe_no_change_required,day_number=44;phase=3;is_extension_day=False,KEEP,Day 44: The Two-Minute Rule
daily_actions:9e514f62-b0ea-49c4-8f68-77b46c868da7#action_title,database,public.daily_actions,action_title,/app/day/44,True,safe_no_change_required,day_number=44;phase=3;is_extension_day=False,KEEP,Day 44 — The Two-Minute Rule
daily_actions:9e514f62-b0ea-49c4-8f68-77b46c868da7#action_description,database,public.daily_actions,action_description,/app/day/44,True,safe_no_change_required,day_number=44;phase=3;is_extension_day=False,KEEP,"Any habit you're avoiding today, do just the first two minutes of it. Starting is the whole battle."
daily_actions:9e514f62-b0ea-49c4-8f68-77b46c868da7#sub_tasks,database,public.daily_actions,sub_tasks,/app/day/44,True,safe_no_change_required,day_number=44;phase=3;is_extension_day=False,KEEP,"[""Pick the habit you least feel like doing"", ""Do its first two minutes"", ""Log everything as usual""]"
daily_actions:113f4e55-626c-4f73-9620-5c5adb677d01#day_name,database,public.daily_actions,day_name,/app/day/45,True,safe_no_change_required,day_number=45;phase=3;is_extension_day=False,KEEP,Day 45: Level 3: The Momentum Maker
daily_actions:113f4e55-626c-4f73-9620-5c5adb677d01#action_title,database,public.daily_actions,action_title,/app/day/45,True,safe_no_change_required,day_number=45;phase=3;is_extension_day=False,KEEP,Day 45 — Level 3: The Momentum Maker
daily_actions:113f4e55-626c-4f73-9620-5c5adb677d01#action_description,database,public.daily_actions,action_description,/app/day/45,True,safe_no_change_required,day_number=45;phase=3;is_extension_day=False,KEEP,"Forty-five days. Your body is producing measurably different insulin responses than it did six weeks ago. That is physiology, not motivation."
daily_actions:113f4e55-626c-4f73-9620-5c5adb677d01#sub_tasks,database,public.daily_actions,sub_tasks,/app/day/45,True,safe_no_change_required,day_number=45;phase=3;is_extension_day=False,KEEP,"[""Check your new level on your Profile"", ""Log a post-meal reading today"", ""Workout or walks per schedule""]"
daily_actions:3943d932-701d-4b7b-ac3d-6f4600787407#day_name,database,public.daily_actions,day_name,/app/day/46,True,safe_no_change_required,day_number=46;phase=3;is_extension_day=False,KEEP,Day 46: Protein Check
daily_actions:3943d932-701d-4b7b-ac3d-6f4600787407#action_title,database,public.daily_actions,action_title,/app/day/46,True,safe_no_change_required,day_number=46;phase=3;is_extension_day=False,KEEP,Day 46 — Protein Check
daily_actions:3943d932-701d-4b7b-ac3d-6f4600787407#action_description,database,public.daily_actions,action_description,/app/day/46,True,safe_no_change_required,day_number=46;phase=3;is_extension_day=False,KEEP,"Protein protects muscle while you lose fat. Palm-sized portion at every meal, no exceptions today."
daily_actions:3943d932-701d-4b7b-ac3d-6f4600787407#sub_tasks,database,public.daily_actions,sub_tasks,/app/day/46,True,safe_no_change_required,day_number=46;phase=3;is_extension_day=False,KEEP,"[""Protein at all 3 meals"", ""Eat protein first at dinner"", ""Water target""]"
daily_actions:68af961b-369d-4934-ab3e-f1bb05857d46#day_name,database,public.daily_actions,day_name,/app/day/47,True,safe_no_change_required,day_number=47;phase=3;is_extension_day=False,KEEP,Day 47: The Grocery Rewrite
daily_actions:68af961b-369d-4934-ab3e-f1bb05857d46#action_title,database,public.daily_actions,action_title,/app/day/47,True,safe_no_change_required,day_number=47;phase=3;is_extension_day=False,KEEP,Day 47 — The Grocery Rewrite
daily_actions:68af961b-369d-4934-ab3e-f1bb05857d46#action_description,database,public.daily_actions,action_description,/app/day/47,True,safe_no_change_required,day_number=47;phase=3;is_extension_day=False,KEEP,Your plate has changed; make sure your list has too. Build next week's list from your Week 4 meal plan.
daily_actions:68af961b-369d-4934-ab3e-f1bb05857d46#sub_tasks,database,public.daily_actions,sub_tasks,/app/day/47,True,safe_no_change_required,day_number=47;phase=3;is_extension_day=False,KEEP,"[""Open Meals → Shopping List"", ""Note 3 staples you now buy that you didn't on Day 1"", ""Walks or workout per schedule""]"
daily_actions:410a3b86-592c-4926-be9e-8f572a4bf8c8#day_name,database,public.daily_actions,day_name,/app/day/48,True,safe_no_change_required,day_number=48;phase=3;is_extension_day=False,KEEP,Day 48: Sit Less Between Meals
daily_actions:410a3b86-592c-4926-be9e-8f572a4bf8c8#action_title,database,public.daily_actions,action_title,/app/day/48,True,safe_no_change_required,day_number=48;phase=3;is_extension_day=False,KEEP,Day 48 — Sit Less Between Meals
daily_actions:410a3b86-592c-4926-be9e-8f572a4bf8c8#action_description,database,public.daily_actions,action_description,/app/day/48,True,safe_no_change_required,day_number=48;phase=3;is_extension_day=False,KEEP,Break up every hour of sitting with two minutes of movement. It measurably improves glucose disposal beyond your walks.
daily_actions:410a3b86-592c-4926-be9e-8f572a4bf8c8#sub_tasks,database,public.daily_actions,sub_tasks,/app/day/48,True,safe_no_change_required,day_number=48;phase=3;is_extension_day=False,KEEP,"[""Stand or move 2 minutes every waking hour"", ""3 walks or workout"", ""Mindset: re-read any card you liked""]"
daily_actions:fbce12c4-c119-4471-a96e-7e42fb727df9#day_name,database,public.daily_actions,day_name,/app/day/49,True,safe_no_change_required,day_number=49;phase=3;is_extension_day=False,KEEP,Day 49: Seven Weeks Done
daily_actions:fbce12c4-c119-4471-a96e-7e42fb727df9#action_title,database,public.daily_actions,action_title,/app/day/49,True,safe_no_change_required,day_number=49;phase=3;is_extension_day=False,KEEP,Day 49 — Seven Weeks Done
daily_actions:fbce12c4-c119-4471-a96e-7e42fb727df9#action_description,database,public.daily_actions,action_description,/app/day/49,True,safe_no_change_required,day_number=49;phase=3;is_extension_day=False,KEEP,Look at your Progress trends. The direction is the story; single readings are just letters in it.
daily_actions:fbce12c4-c119-4471-a96e-7e42fb727df9#sub_tasks,database,public.daily_actions,sub_tasks,/app/day/49,True,safe_no_change_required,day_number=49;phase=3;is_extension_day=False,KEEP,"[""Review blood sugar trend"", ""Review weight trend"", ""One line in notes: the trend you're proudest of""]"
daily_actions:4fa32a10-8584-40bc-ac89-39cd855efe21#day_name,database,public.daily_actions,day_name,/app/day/50,True,safe_no_change_required,day_number=50;phase=3;is_extension_day=False,KEEP,Day 50: Fifty
daily_actions:4fa32a10-8584-40bc-ac89-39cd855efe21#action_title,database,public.daily_actions,action_title,/app/day/50,True,safe_no_change_required,day_number=50;phase=3;is_extension_day=False,KEEP,Day 50 — Fifty
daily_actions:4fa32a10-8584-40bc-ac89-39cd855efe21#action_description,database,public.daily_actions,action_description,/app/day/50,True,safe_no_change_required,day_number=50;phase=3;is_extension_day=False,KEEP,"Fifty days of showing up. Today, tell one person what you're doing and why. Saying it out loud makes it real."
daily_actions:4fa32a10-8584-40bc-ac89-39cd855efe21#sub_tasks,database,public.daily_actions,sub_tasks,/app/day/50,True,safe_no_change_required,day_number=50;phase=3;is_extension_day=False,KEEP,"[""Tell one person about your program"", ""3 meals, all plate-method"", ""Walks or workout""]"
daily_actions:693e2552-4246-4aed-8a04-4b820d085678#day_name,database,public.daily_actions,day_name,/app/day/51,True,safe_no_change_required,day_number=51;phase=3;is_extension_day=False,KEEP,"Day 51: The Restaurant Test, Level 2"
daily_actions:693e2552-4246-4aed-8a04-4b820d085678#action_title,database,public.daily_actions,action_title,/app/day/51,True,safe_no_change_required,day_number=51;phase=3;is_extension_day=False,KEEP,"Day 51 — The Restaurant Test, Level 2"
daily_actions:693e2552-4246-4aed-8a04-4b820d085678#action_description,database,public.daily_actions,action_description,/app/day/51,True,safe_no_change_required,day_number=51;phase=3;is_extension_day=False,KEEP,"Order out or plan to — but this time, don't look at the menu until you've decided: half veg, quarter protein, quarter carbs, water."
daily_actions:693e2552-4246-4aed-8a04-4b820d085678#sub_tasks,database,public.daily_actions,sub_tasks,/app/day/51,True,safe_no_change_required,day_number=51;phase=3;is_extension_day=False,KEEP,"[""Execute or plan one eating-out plate-method meal"", ""Log it honestly"", ""Water target""]"
daily_actions:9d1bc757-12c4-4096-9141-f1f9055ffd6e#day_name,database,public.daily_actions,day_name,/app/day/52,True,safe_no_change_required,day_number=52;phase=3;is_extension_day=False,KEEP,Day 52: Sleep Audit
daily_actions:9d1bc757-12c4-4096-9141-f1f9055ffd6e#action_title,database,public.daily_actions,action_title,/app/day/52,True,safe_no_change_required,day_number=52;phase=3;is_extension_day=False,KEEP,Day 52 — Sleep Audit
daily_actions:9d1bc757-12c4-4096-9141-f1f9055ffd6e#action_description,database,public.daily_actions,action_description,/app/day/52,True,insulin_sensitivity_claim,day_number=52;phase=3;is_extension_day=False,CLINICIAN REVIEW REQUIRED,Same wake time daily is the strongest lever on sleep quality — and sleep quality moves insulin sensitivity.
daily_actions:9d1bc757-12c4-4096-9141-f1f9055ffd6e#sub_tasks,database,public.daily_actions,sub_tasks,/app/day/52,True,safe_no_change_required,day_number=52;phase=3;is_extension_day=False,KEEP,"[""Set one wake time for the next 7 days"", ""Screens off 30 min before bed tonight"", ""Walks or workout""]"
daily_actions:3d99e8b3-9e1d-4e70-b3be-41edfec95528#day_name,database,public.daily_actions,day_name,/app/day/53,True,safe_no_change_required,day_number=53;phase=3;is_extension_day=False,KEEP,Day 53: Snack Discipline Check
daily_actions:3d99e8b3-9e1d-4e70-b3be-41edfec95528#action_title,database,public.daily_actions,action_title,/app/day/53,True,safe_no_change_required,day_number=53;phase=3;is_extension_day=False,KEEP,Day 53 — Snack Discipline Check
daily_actions:3d99e8b3-9e1d-4e70-b3be-41edfec95528#action_description,database,public.daily_actions,action_description,/app/day/53,True,safe_no_change_required,day_number=53;phase=3;is_extension_day=False,KEEP,"Are snacks still in the 3–4 hour window, still from the library? Drift happens quietly. Tighten today."
daily_actions:3d99e8b3-9e1d-4e70-b3be-41edfec95528#sub_tasks,database,public.daily_actions,sub_tasks,/app/day/53,True,safe_no_change_required,day_number=53;phase=3;is_extension_day=False,KEEP,"[""Both snacks in the window"", ""Both snacks from the Snack Library"", ""Log a post-meal reading""]"
daily_actions:3a42c511-8707-4b77-857a-a0bbb68d4555#day_name,database,public.daily_actions,day_name,/app/day/54,True,safe_no_change_required,day_number=54;phase=3;is_extension_day=False,KEEP,Day 54: Strength Is Glucose Storage
daily_actions:3a42c511-8707-4b77-857a-a0bbb68d4555#action_title,database,public.daily_actions,action_title,/app/day/54,True,safe_no_change_required,day_number=54;phase=3;is_extension_day=False,KEEP,Day 54 — Strength Is Glucose Storage
daily_actions:3a42c511-8707-4b77-857a-a0bbb68d4555#action_description,database,public.daily_actions,action_description,/app/day/54,True,safe_no_change_required,day_number=54;phase=3;is_extension_day=False,KEEP,"Every rep builds tissue that absorbs sugar. If today is a workout day, add one extra set to one exercise."
daily_actions:3a42c511-8707-4b77-857a-a0bbb68d4555#sub_tasks,database,public.daily_actions,sub_tasks,/app/day/54,True,safe_no_change_required,day_number=54;phase=3;is_extension_day=False,KEEP,"[""Workout (+1 set on one exercise) or 3 walks"", ""Protein at all meals"", ""Water target""]"
daily_actions:a78069a3-3bbd-4212-8a73-e0ed2b290ecb#day_name,database,public.daily_actions,day_name,/app/day/55,True,safe_no_change_required,day_number=55;phase=3;is_extension_day=False,KEEP,Day 55: The Comparison Trap
daily_actions:a78069a3-3bbd-4212-8a73-e0ed2b290ecb#action_title,database,public.daily_actions,action_title,/app/day/55,True,safe_no_change_required,day_number=55;phase=3;is_extension_day=False,KEEP,Day 55 — The Comparison Trap
daily_actions:a78069a3-3bbd-4212-8a73-e0ed2b290ecb#action_description,database,public.daily_actions,action_description,/app/day/55,True,safe_no_change_required,day_number=55;phase=3;is_extension_day=False,KEEP,Someone else's Day 200 is not your Day 55. Your only comparison is your own Day 1 — and you're winning that one.
daily_actions:a78069a3-3bbd-4212-8a73-e0ed2b290ecb#sub_tasks,database,public.daily_actions,sub_tasks,/app/day/55,True,safe_no_change_required,day_number=55;phase=3;is_extension_day=False,KEEP,"[""Read your Day 1 blood sugar vs today's latest"", ""Mindset card"", ""Walks or workout""]"
daily_actions:9c00e0d7-9805-45df-b85f-f274fa96ee71#day_name,database,public.daily_actions,day_name,/app/day/56,True,safe_no_change_required,day_number=56;phase=3;is_extension_day=False,KEEP,Day 56: Eight Weeks
daily_actions:9c00e0d7-9805-45df-b85f-f274fa96ee71#action_title,database,public.daily_actions,action_title,/app/day/56,True,safe_no_change_required,day_number=56;phase=3;is_extension_day=False,KEEP,Day 56 — Eight Weeks
daily_actions:9c00e0d7-9805-45df-b85f-f274fa96ee71#action_description,database,public.daily_actions,action_description,/app/day/56,True,safe_no_change_required,day_number=56;phase=3;is_extension_day=False,KEEP,Two months in the books. Rest well tonight; measurement week is coming.
daily_actions:9c00e0d7-9805-45df-b85f-f274fa96ee71#sub_tasks,database,public.daily_actions,sub_tasks,/app/day/56,True,safe_no_change_required,day_number=56;phase=3;is_extension_day=False,KEEP,"[""All rings closed today"", ""One line: what's easier now than on Day 1"", ""Prep tape measure for Day 60""]"
daily_actions:baaf592f-7306-44ee-8e1f-2610b55c6d9a#day_name,database,public.daily_actions,day_name,/app/day/57,True,safe_no_change_required,day_number=57;phase=3;is_extension_day=False,KEEP,Day 57: Week Nine Opens
daily_actions:baaf592f-7306-44ee-8e1f-2610b55c6d9a#action_title,database,public.daily_actions,action_title,/app/day/57,True,safe_no_change_required,day_number=57;phase=3;is_extension_day=False,KEEP,Day 57 — Week Nine Opens
daily_actions:baaf592f-7306-44ee-8e1f-2610b55c6d9a#action_description,database,public.daily_actions,action_description,/app/day/57,True,safe_no_change_required,day_number=57;phase=3;is_extension_day=False,KEEP,This week ends with your Month 2 measurement. Nothing new — just clean execution.
daily_actions:baaf592f-7306-44ee-8e1f-2610b55c6d9a#sub_tasks,database,public.daily_actions,sub_tasks,/app/day/57,True,safe_no_change_required,day_number=57;phase=3;is_extension_day=False,KEEP,"[""3 plate-method meals"", ""Walks or workout"", ""Water target""]"
daily_actions:86581731-2604-4d68-aa79-600b3fcc2726#day_name,database,public.daily_actions,day_name,/app/day/58,True,safe_no_change_required,day_number=58;phase=3;is_extension_day=False,KEEP,Day 58: Vegetables First
daily_actions:86581731-2604-4d68-aa79-600b3fcc2726#action_title,database,public.daily_actions,action_title,/app/day/58,True,safe_no_change_required,day_number=58;phase=3;is_extension_day=False,KEEP,Day 58 — Vegetables First
daily_actions:86581731-2604-4d68-aa79-600b3fcc2726#action_description,database,public.daily_actions,action_description,/app/day/58,True,safe_no_change_required,day_number=58;phase=3;is_extension_day=False,KEEP,"Eat the vegetables on your plate before anything else today. Order of eating changes the glucose curve — same food, better numbers."
daily_actions:86581731-2604-4d68-aa79-600b3fcc2726#sub_tasks,database,public.daily_actions,sub_tasks,/app/day/58,True,safe_no_change_required,day_number=58;phase=3;is_extension_day=False,KEEP,"[""Vegetables first at all 3 meals"", ""Log a 2-hour post-meal reading"", ""Walks or workout""]"
daily_actions:da7da61c-effb-45d9-b2f6-41a5638172bf#day_name,database,public.daily_actions,day_name,/app/day/59,True,supplements,day_number=59;phase=3;is_extension_day=False,CLINICIAN REVIEW REQUIRED,Day 59: Check Your Supplements
daily_actions:da7da61c-effb-45d9-b2f6-41a5638172bf#action_title,database,public.daily_actions,action_title,/app/day/59,True,supplements,day_number=59;phase=3;is_extension_day=False,CLINICIAN REVIEW REQUIRED,Day 59 — Check Your Supplements
daily_actions:da7da61c-effb-45d9-b2f6-41a5638172bf#action_description,database,public.daily_actions,action_description,/app/day/59,True,supplements,day_number=59;phase=3;is_extension_day=False,CLINICIAN REVIEW REQUIRED,Month 2 additions may now be unlocked in your Supplements tab. Read before you buy; add one thing at a time.
daily_actions:da7da61c-effb-45d9-b2f6-41a5638172bf#sub_tasks,database,public.daily_actions,sub_tasks,/app/day/59,True,supplements,day_number=59;phase=3;is_extension_day=False,CLINICIAN REVIEW REQUIRED,"[""Open the Supplements tab and read what's unlocked"", ""Confirm your daily pack habit is still daily"", ""Walks or workout""]"
daily_actions:9ebdf0b0-c605-4a45-86c7-9bd88acc90a3#day_name,database,public.daily_actions,day_name,/app/day/60,True,safe_no_change_required,day_number=60;phase=3;is_extension_day=False,KEEP,Day 60: Month 2 Measurement Day
daily_actions:9ebdf0b0-c605-4a45-86c7-9bd88acc90a3#action_title,database,public.daily_actions,action_title,/app/day/60,True,safe_no_change_required,day_number=60;phase=3;is_extension_day=False,KEEP,Day 60 — Month 2 Measurement Day
daily_actions:9ebdf0b0-c605-4a45-86c7-9bd88acc90a3#action_description,database,public.daily_actions,action_description,/app/day/60,True,safe_no_change_required,day_number=60;phase=3;is_extension_day=False,KEEP,"The tape tells the truth the scale hides. Same time, same conditions as Day 1 and Day 30."
daily_actions:9ebdf0b0-c605-4a45-86c7-9bd88acc90a3#sub_tasks,database,public.daily_actions,sub_tasks,/app/day/60,True,safe_no_change_required,day_number=60;phase=3;is_extension_day=False,KEEP,"[""Log waist, hips, chest in Progress"", ""Compare with Day 30 — write one line"", ""Weigh in if it's your weigh day""]"
daily_actions:82bcfde3-93e1-411e-884a-e90510be3d55#day_name,database,public.daily_actions,day_name,/app/day/61,True,safe_no_change_required,day_number=61;phase=3;is_extension_day=False,KEEP,Day 61: Read Your Own Data
daily_actions:82bcfde3-93e1-411e-884a-e90510be3d55#action_title,database,public.daily_actions,action_title,/app/day/61,True,safe_no_change_required,day_number=61;phase=3;is_extension_day=False,KEEP,Day 61 — Read Your Own Data
daily_actions:82bcfde3-93e1-411e-884a-e90510be3d55#action_description,database,public.daily_actions,action_description,/app/day/61,True,safe_no_change_required,day_number=61;phase=3;is_extension_day=False,KEEP,You now have two months of readings. Find your best week — then figure out what you did that week.
daily_actions:82bcfde3-93e1-411e-884a-e90510be3d55#sub_tasks,database,public.daily_actions,sub_tasks,/app/day/61,True,safe_no_change_required,day_number=61;phase=3;is_extension_day=False,KEEP,"[""Open Progress → Blood Sugar, find your best 7-day stretch"", ""Write down what was different that week"", ""Walks or workout""]"
daily_actions:48a92db2-7993-4fa4-93bd-70bd2252936f#day_name,database,public.daily_actions,day_name,/app/day/62,True,safe_no_change_required,day_number=62;phase=3;is_extension_day=False,KEEP,Day 62: Repeat Your Best Week
daily_actions:48a92db2-7993-4fa4-93bd-70bd2252936f#action_title,database,public.daily_actions,action_title,/app/day/62,True,safe_no_change_required,day_number=62;phase=3;is_extension_day=False,KEEP,Day 62 — Repeat Your Best Week
daily_actions:48a92db2-7993-4fa4-93bd-70bd2252936f#action_description,database,public.daily_actions,action_description,/app/day/62,True,safe_no_change_required,day_number=62;phase=3;is_extension_day=False,KEEP,"Whatever you found yesterday — sleep, walks, meal timing — do that today on purpose."
daily_actions:48a92db2-7993-4fa4-93bd-70bd2252936f#sub_tasks,database,public.daily_actions,sub_tasks,/app/day/62,True,safe_no_change_required,day_number=62;phase=3;is_extension_day=False,KEEP,"[""Execute yesterday's finding"", ""3 plate-method meals"", ""Water target""]"
daily_actions:7a84e8e4-c664-4a5f-ac6d-637d9e5df793#day_name,database,public.daily_actions,day_name,/app/day/63,True,safe_no_change_required,day_number=63;phase=3;is_extension_day=False,KEEP,Day 63: Nine Weeks
daily_actions:7a84e8e4-c664-4a5f-ac6d-637d9e5df793#action_title,database,public.daily_actions,action_title,/app/day/63,True,safe_no_change_required,day_number=63;phase=3;is_extension_day=False,KEEP,Day 63 — Nine Weeks
daily_actions:7a84e8e4-c664-4a5f-ac6d-637d9e5df793#action_description,database,public.daily_actions,action_description,/app/day/63,True,safe_no_change_required,day_number=63;phase=3;is_extension_day=False,KEEP,Thirty days to your A1C test window. Every day between now and Day 90 is already writing that number.
daily_actions:7a84e8e4-c664-4a5f-ac6d-637d9e5df793#sub_tasks,database,public.daily_actions,sub_tasks,/app/day/63,True,safe_no_change_required,day_number=63;phase=3;is_extension_day=False,KEEP,"[""All rings today"", ""Book or plan your Day 90 A1C test (lab, pharmacy, or home kit)"", ""Mindset card""]"
daily_actions:b5fd6d1b-a00a-49fe-8e28-9471adf95a31#day_name,database,public.daily_actions,day_name,/app/day/64,True,cheat_meal,day_number=64;phase=3;is_extension_day=False,CLINICIAN REVIEW REQUIRED,Day 64: The Cheat Meal Check
daily_actions:b5fd6d1b-a00a-49fe-8e28-9471adf95a31#action_title,database,public.daily_actions,action_title,/app/day/64,True,cheat_meal,day_number=64;phase=3;is_extension_day=False,CLINICIAN REVIEW REQUIRED,Day 64 — The Cheat Meal Check
daily_actions:b5fd6d1b-a00a-49fe-8e28-9471adf95a31#action_description,database,public.daily_actions,action_description,/app/day/64,True,cheat_meal,day_number=64;phase=3;is_extension_day=False,CLINICIAN REVIEW REQUIRED,"If you use the weekly cheat meal: one meal, last of the day, fast begins after. If you haven't needed it — that's information too."
daily_actions:b5fd6d1b-a00a-49fe-8e28-9471adf95a31#sub_tasks,database,public.daily_actions,sub_tasks,/app/day/64,True,cheat_meal,day_number=64;phase=3;is_extension_day=False,CLINICIAN REVIEW REQUIRED,"[""Review your cheat meal pattern this month"", ""Plan (or consciously skip) this week's"", ""Walks or workout""]"
daily_actions:70ad3928-fb1b-46a2-b421-dd9c452a2b3c#day_name,database,public.daily_actions,day_name,/app/day/65,True,safe_no_change_required,day_number=65;phase=3;is_extension_day=False,KEEP,Day 65: Hydration Before Hunger
daily_actions:70ad3928-fb1b-46a2-b421-dd9c452a2b3c#action_title,database,public.daily_actions,action_title,/app/day/65,True,safe_no_change_required,day_number=65;phase=3;is_extension_day=False,KEEP,Day 65 — Hydration Before Hunger
daily_actions:70ad3928-fb1b-46a2-b421-dd9c452a2b3c#action_description,database,public.daily_actions,action_description,/app/day/65,True,safe_no_change_required,day_number=65;phase=3;is_extension_day=False,KEEP,Half of casual hunger is thirst wearing a costume. Today: a full glass of water before every meal and snack.
daily_actions:70ad3928-fb1b-46a2-b421-dd9c452a2b3c#sub_tasks,database,public.daily_actions,sub_tasks,/app/day/65,True,safe_no_change_required,day_number=65;phase=3;is_extension_day=False,KEEP,"[""Water before all meals and snacks"", ""Hit the full water target by evening"", ""Walks or workout""]"
daily_actions:d51d41f9-d281-4179-bc31-5d21a5342cf9#day_name,database,public.daily_actions,day_name,/app/day/66,True,uncited_absolute,day_number=66;phase=3;is_extension_day=False,CLINICIAN REVIEW REQUIRED,"Day 66: Move After Dinner, Always"
daily_actions:d51d41f9-d281-4179-bc31-5d21a5342cf9#action_title,database,public.daily_actions,action_title,/app/day/66,True,uncited_absolute,day_number=66;phase=3;is_extension_day=False,CLINICIAN REVIEW REQUIRED,"Day 66 — Move After Dinner, Always"
daily_actions:d51d41f9-d281-4179-bc31-5d21a5342cf9#action_description,database,public.daily_actions,action_description,/app/day/66,True,safe_no_change_required,day_number=66;phase=3;is_extension_day=False,KEEP,Dinner is the meal most likely to be followed by sitting. Guard the dinner walk like it's medicine — because it is.
daily_actions:d51d41f9-d281-4179-bc31-5d21a5342cf9#sub_tasks,database,public.daily_actions,sub_tasks,/app/day/66,True,safe_no_change_required,day_number=66;phase=3;is_extension_day=False,KEEP,"[""Dinner walk, no exceptions today"", ""Log a bedtime reading if you can"", ""Protein first at dinner""]"
daily_actions:5e82827f-6b8a-4287-a583-8e894a67aa5e#day_name,database,public.daily_actions,day_name,/app/day/67,True,safe_no_change_required,day_number=67;phase=3;is_extension_day=False,KEEP,Day 67: Teach the Snack Window
daily_actions:5e82827f-6b8a-4287-a583-8e894a67aa5e#action_title,database,public.daily_actions,action_title,/app/day/67,True,safe_no_change_required,day_number=67;phase=3;is_extension_day=False,KEEP,Day 67 — Teach the Snack Window
daily_actions:5e82827f-6b8a-4287-a583-8e894a67aa5e#action_description,database,public.daily_actions,action_description,/app/day/67,True,safe_no_change_required,day_number=67;phase=3;is_extension_day=False,KEEP,Explain to someone why you snack 3–4 hours after meals. Teaching it locks it in.
daily_actions:5e82827f-6b8a-4287-a583-8e894a67aa5e#sub_tasks,database,public.daily_actions,sub_tasks,/app/day/67,True,safe_no_change_required,day_number=67;phase=3;is_extension_day=False,KEEP,"[""Explain the snack window to one person"", ""Keep both snacks in the window"", ""Walks or workout""]"
daily_actions:9d9cee05-f58e-410a-8b1b-73cc4d4a003a#day_name,database,public.daily_actions,day_name,/app/day/68,True,safe_no_change_required,day_number=68;phase=3;is_extension_day=False,KEEP,"Day 68: The Kitchen Sweep, Round 2"
daily_actions:9d9cee05-f58e-410a-8b1b-73cc4d4a003a#action_title,database,public.daily_actions,action_title,/app/day/68,True,safe_no_change_required,day_number=68;phase=3;is_extension_day=False,KEEP,"Day 68 — The Kitchen Sweep, Round 2"
daily_actions:9d9cee05-f58e-410a-8b1b-73cc4d4a003a#action_description,database,public.daily_actions,action_description,/app/day/68,True,safe_no_change_required,day_number=68;phase=3;is_extension_day=False,KEEP,"One more shelf. If it fights your plate, it doesn't live at eye level."
daily_actions:9d9cee05-f58e-410a-8b1b-73cc4d4a003a#sub_tasks,database,public.daily_actions,sub_tasks,/app/day/68,True,safe_no_change_required,day_number=68;phase=3;is_extension_day=False,KEEP,"[""Clear or rearrange one shelf"", ""3 plate-method meals"", ""Water target""]"
daily_actions:ffda58e6-33e7-42c7-a8a5-e3a1f84ba726#day_name,database,public.daily_actions,day_name,/app/day/69,True,safe_no_change_required,day_number=69;phase=3;is_extension_day=False,KEEP,Day 69: Stress Is a Blood Sugar Input
daily_actions:ffda58e6-33e7-42c7-a8a5-e3a1f84ba726#action_title,database,public.daily_actions,action_title,/app/day/69,True,safe_no_change_required,day_number=69;phase=3;is_extension_day=False,KEEP,Day 69 — Stress Is a Blood Sugar Input
daily_actions:ffda58e6-33e7-42c7-a8a5-e3a1f84ba726#action_description,database,public.daily_actions,action_description,/app/day/69,True,safe_no_change_required,day_number=69;phase=3;is_extension_day=False,KEEP,"Stress hormones raise glucose without a bite of food. Ten slow breaths, twice today — it's not soft, it's metabolic."
daily_actions:ffda58e6-33e7-42c7-a8a5-e3a1f84ba726#sub_tasks,database,public.daily_actions,sub_tasks,/app/day/69,True,safe_no_change_required,day_number=69;phase=3;is_extension_day=False,KEEP,"[""Two 10-breath pauses (morning, evening)"", ""Mindset card"", ""Walks or workout""]"
daily_actions:d85f5be9-3c67-4014-9ac1-774b78c12e0a#day_name,database,public.daily_actions,day_name,/app/day/70,True,safe_no_change_required,day_number=70;phase=3;is_extension_day=False,KEEP,Day 70: Ten Weeks
daily_actions:d85f5be9-3c67-4014-9ac1-774b78c12e0a#action_title,database,public.daily_actions,action_title,/app/day/70,True,safe_no_change_required,day_number=70;phase=3;is_extension_day=False,KEEP,Day 70 — Ten Weeks
daily_actions:d85f5be9-3c67-4014-9ac1-774b78c12e0a#action_description,database,public.daily_actions,action_description,/app/day/70,True,safe_no_change_required,day_number=70;phase=3;is_extension_day=False,KEEP,"Seventy days. Twenty to the test. Tonight, rest on purpose."
daily_actions:d85f5be9-3c67-4014-9ac1-774b78c12e0a#sub_tasks,database,public.daily_actions,sub_tasks,/app/day/70,True,safe_no_change_required,day_number=70;phase=3;is_extension_day=False,KEEP,"[""All rings closed"", ""One line: the habit that now runs on autopilot"", ""Early night""]"
daily_actions:422baf37-6380-40fc-8c74-1f18dbe4f093#day_name,database,public.daily_actions,day_name,/app/day/71,True,safe_no_change_required,day_number=71;phase=3;is_extension_day=False,KEEP,Day 71: Week Eleven Opens
daily_actions:422baf37-6380-40fc-8c74-1f18dbe4f093#action_title,database,public.daily_actions,action_title,/app/day/71,True,safe_no_change_required,day_number=71;phase=3;is_extension_day=False,KEEP,Day 71 — Week Eleven Opens
daily_actions:422baf37-6380-40fc-8c74-1f18dbe4f093#action_description,database,public.daily_actions,action_description,/app/day/71,True,safe_no_change_required,day_number=71;phase=3;is_extension_day=False,KEEP,"The work now is protection: protect the walks, the plate, the sleep. Nothing new until the test."
daily_actions:422baf37-6380-40fc-8c74-1f18dbe4f093#sub_tasks,database,public.daily_actions,sub_tasks,/app/day/71,True,safe_no_change_required,day_number=71;phase=3;is_extension_day=False,KEEP,"[""3 plate-method meals"", ""Walks or workout"", ""Water target""]"
daily_actions:682a0573-dd40-49b9-9974-7225c649ecc5#day_name,database,public.daily_actions,day_name,/app/day/72,True,safe_no_change_required,day_number=72;phase=3;is_extension_day=False,KEEP,Day 72: Fiber Count
daily_actions:682a0573-dd40-49b9-9974-7225c649ecc5#action_title,database,public.daily_actions,action_title,/app/day/72,True,safe_no_change_required,day_number=72;phase=3;is_extension_day=False,KEEP,Day 72 — Fiber Count
daily_actions:682a0573-dd40-49b9-9974-7225c649ecc5#action_description,database,public.daily_actions,action_description,/app/day/72,True,safe_no_change_required,day_number=72;phase=3;is_extension_day=False,KEEP,"Fiber slows carbohydrate absorption. Today, make half your plate vegetables at ALL three meals — no skipping lunch's veg."
daily_actions:682a0573-dd40-49b9-9974-7225c649ecc5#sub_tasks,database,public.daily_actions,sub_tasks,/app/day/72,True,safe_no_change_required,day_number=72;phase=3;is_extension_day=False,KEEP,"[""Half-plate vegetables ×3"", ""Log a post-meal reading"", ""Walks or workout""]"
daily_actions:24f394cc-5010-486f-b069-bfebdb5edebc#day_name,database,public.daily_actions,day_name,/app/day/73,True,safe_no_change_required,day_number=73;phase=3;is_extension_day=False,KEEP,"Day 73: Your Why, Revisited"
daily_actions:24f394cc-5010-486f-b069-bfebdb5edebc#action_title,database,public.daily_actions,action_title,/app/day/73,True,safe_no_change_required,day_number=73;phase=3;is_extension_day=False,KEEP,"Day 73 — Your Why, Revisited"
daily_actions:24f394cc-5010-486f-b069-bfebdb5edebc#action_description,database,public.daily_actions,action_description,/app/day/73,True,safe_no_change_required,day_number=73;phase=3;is_extension_day=False,KEEP,Write one sentence: why you started. Then one more: why you're still here. They may not be the same sentence anymore.
daily_actions:24f394cc-5010-486f-b069-bfebdb5edebc#sub_tasks,database,public.daily_actions,sub_tasks,/app/day/73,True,safe_no_change_required,day_number=73;phase=3;is_extension_day=False,KEEP,"[""Write both sentences in your notes"", ""Mindset card"", ""Walks or workout""]"
daily_actions:a5363325-6777-4db5-b310-768144580ff6#day_name,database,public.daily_actions,day_name,/app/day/74,True,safe_no_change_required,day_number=74;phase=3;is_extension_day=False,KEEP,Day 74: Portion Honesty Day
daily_actions:a5363325-6777-4db5-b310-768144580ff6#action_title,database,public.daily_actions,action_title,/app/day/74,True,safe_no_change_required,day_number=74;phase=3;is_extension_day=False,KEEP,Day 74 — Portion Honesty Day
daily_actions:a5363325-6777-4db5-b310-768144580ff6#action_description,database,public.daily_actions,action_description,/app/day/74,True,safe_no_change_required,day_number=74;phase=3;is_extension_day=False,KEEP,Measure your carb quarter today — actually measure it once. Eyes drift over ten weeks; recalibrate them.
daily_actions:a5363325-6777-4db5-b310-768144580ff6#sub_tasks,database,public.daily_actions,sub_tasks,/app/day/74,True,safe_no_change_required,day_number=74;phase=3;is_extension_day=False,KEEP,"[""Measure the carb portion at one meal"", ""3 plate-method meals"", ""Water target""]"
daily_actions:dccc9e96-780e-4aaa-aded-12fd80952d10#day_name,database,public.daily_actions,day_name,/app/day/75,True,safe_no_change_required,day_number=75;phase=3;is_extension_day=False,KEEP,Day 75: Seventy-Five
daily_actions:dccc9e96-780e-4aaa-aded-12fd80952d10#action_title,database,public.daily_actions,action_title,/app/day/75,True,safe_no_change_required,day_number=75;phase=3;is_extension_day=False,KEEP,Day 75 — Seventy-Five
daily_actions:dccc9e96-780e-4aaa-aded-12fd80952d10#action_description,database,public.daily_actions,action_description,/app/day/75,True,safe_no_change_required,day_number=75;phase=3;is_extension_day=False,KEEP,"Three quarters of the way to the test. If your readings have plateaued, hold steady — A1C reflects the average, and your average is transformed."
daily_actions:dccc9e96-780e-4aaa-aded-12fd80952d10#sub_tasks,database,public.daily_actions,sub_tasks,/app/day/75,True,safe_no_change_required,day_number=75;phase=3;is_extension_day=False,KEEP,"[""Log a fasting reading"", ""Walks or workout"", ""One encouraging comment or win reaction in Ask""]"
daily_actions:a72f882f-6deb-4ddc-9344-9c45ef902127#day_name,database,public.daily_actions,day_name,/app/day/76,True,safe_no_change_required,day_number=76;phase=3;is_extension_day=False,KEEP,"Day 76: The Sleep-Sugar Link, Applied"
daily_actions:a72f882f-6deb-4ddc-9344-9c45ef902127#action_title,database,public.daily_actions,action_title,/app/day/76,True,safe_no_change_required,day_number=76;phase=3;is_extension_day=False,KEEP,"Day 76 — The Sleep-Sugar Link, Applied"
daily_actions:a72f882f-6deb-4ddc-9344-9c45ef902127#action_description,database,public.daily_actions,action_description,/app/day/76,True,safe_no_change_required,day_number=76;phase=3;is_extension_day=False,KEEP,"Tonight is a perfect-sleep rehearsal: cool room, no screens 30 minutes out, same wake time tomorrow."
daily_actions:a72f882f-6deb-4ddc-9344-9c45ef902127#sub_tasks,database,public.daily_actions,sub_tasks,/app/day/76,True,safe_no_change_required,day_number=76;phase=3;is_extension_day=False,KEEP,"[""Execute the sleep protocol tonight"", ""Compare tomorrow's fasting reading to your average"", ""Walks or workout""]"
daily_actions:5194f791-3a40-4d65-93a9-27b4d6c65f09#day_name,database,public.daily_actions,day_name,/app/day/77,True,safe_no_change_required,day_number=77;phase=3;is_extension_day=False,KEEP,Day 77: Eleven Weeks
daily_actions:5194f791-3a40-4d65-93a9-27b4d6c65f09#action_title,database,public.daily_actions,action_title,/app/day/77,True,safe_no_change_required,day_number=77;phase=3;is_extension_day=False,KEEP,Day 77 — Eleven Weeks
daily_actions:5194f791-3a40-4d65-93a9-27b4d6c65f09#action_description,database,public.daily_actions,action_description,/app/day/77,True,safe_no_change_required,day_number=77;phase=3;is_extension_day=False,KEEP,Thirteen days out. Keep the machine boring and consistent.
daily_actions:5194f791-3a40-4d65-93a9-27b4d6c65f09#sub_tasks,database,public.daily_actions,sub_tasks,/app/day/77,True,safe_no_change_required,day_number=77;phase=3;is_extension_day=False,KEEP,"[""All rings closed"", ""Water target"", ""One line: what you'll tell your doctor at the test""]"
daily_actions:6914fdb9-52e2-490b-82fb-d7db4f9e8801#day_name,database,public.daily_actions,day_name,/app/day/78,True,safe_no_change_required,day_number=78;phase=3;is_extension_day=False,KEEP,Day 78: Week Twelve Opens
daily_actions:6914fdb9-52e2-490b-82fb-d7db4f9e8801#action_title,database,public.daily_actions,action_title,/app/day/78,True,safe_no_change_required,day_number=78;phase=3;is_extension_day=False,KEEP,Day 78 — Week Twelve Opens
daily_actions:6914fdb9-52e2-490b-82fb-d7db4f9e8801#action_description,database,public.daily_actions,action_description,/app/day/78,True,safe_no_change_required,day_number=78;phase=3;is_extension_day=False,KEEP,"Test-prep week one. Nothing exotic — A1C can't be crammed for. It can only be earned, and you've been earning it for 78 days."
daily_actions:6914fdb9-52e2-490b-82fb-d7db4f9e8801#sub_tasks,database,public.daily_actions,sub_tasks,/app/day/78,True,safe_no_change_required,day_number=78;phase=3;is_extension_day=False,KEEP,"[""3 plate-method meals"", ""Walks or workout"", ""Water target""]"
daily_actions:ada920ee-79fa-43a9-a482-d9e368b8668d#day_name,database,public.daily_actions,day_name,/app/day/79,True,safe_no_change_required,day_number=79;phase=3;is_extension_day=False,KEEP,Day 79: Walk Streak Guard
daily_actions:ada920ee-79fa-43a9-a482-d9e368b8668d#action_title,database,public.daily_actions,action_title,/app/day/79,True,safe_no_change_required,day_number=79;phase=3;is_extension_day=False,KEEP,Day 79 — Walk Streak Guard
daily_actions:ada920ee-79fa-43a9-a482-d9e368b8668d#action_description,database,public.daily_actions,action_description,/app/day/79,True,safe_no_change_required,day_number=79;phase=3;is_extension_day=False,KEEP,"All three post-meal walks, every day, through the test. This is the highest-leverage habit you own."
daily_actions:ada920ee-79fa-43a9-a482-d9e368b8668d#sub_tasks,database,public.daily_actions,sub_tasks,/app/day/79,True,safe_no_change_required,day_number=79;phase=3;is_extension_day=False,KEEP,"[""3/3 walks today"", ""Protein first at all meals"", ""Log a post-meal reading""]"
daily_actions:7239841c-278d-4e2b-bbb9-39c299bcc998#day_name,database,public.daily_actions,day_name,/app/day/80,True,safe_no_change_required,day_number=80;phase=3;is_extension_day=False,KEEP,Day 80: Eighty
daily_actions:7239841c-278d-4e2b-bbb9-39c299bcc998#action_title,database,public.daily_actions,action_title,/app/day/80,True,safe_no_change_required,day_number=80;phase=3;is_extension_day=False,KEEP,Day 80 — Eighty
daily_actions:7239841c-278d-4e2b-bbb9-39c299bcc998#action_description,database,public.daily_actions,action_description,/app/day/80,True,safe_no_change_required,day_number=80;phase=3;is_extension_day=False,KEEP,"Ten days. Confirm your A1C test plan: where, when, fasting requirements if any."
daily_actions:7239841c-278d-4e2b-bbb9-39c299bcc998#sub_tasks,database,public.daily_actions,sub_tasks,/app/day/80,True,safe_no_change_required,day_number=80;phase=3;is_extension_day=False,KEEP,"[""Confirm test date and location"", ""Note it in your calendar"", ""Walks or workout""]"
daily_actions:41ca6b1d-53f5-4f5e-8a00-0af7e181c832#day_name,database,public.daily_actions,day_name,/app/day/81,True,safe_no_change_required,day_number=81;phase=3;is_extension_day=False,KEEP,Day 81: The Question List
daily_actions:41ca6b1d-53f5-4f5e-8a00-0af7e181c832#action_title,database,public.daily_actions,action_title,/app/day/81,True,safe_no_change_required,day_number=81;phase=3;is_extension_day=False,KEEP,Day 81 — The Question List
daily_actions:41ca6b1d-53f5-4f5e-8a00-0af7e181c832#action_description,database,public.daily_actions,action_description,/app/day/81,True,safe_no_change_required,day_number=81;phase=3;is_extension_day=False,KEEP,"Write the three questions you'll ask your doctor when the result comes. Bring data, ask better questions, get better care."
daily_actions:41ca6b1d-53f5-4f5e-8a00-0af7e181c832#sub_tasks,database,public.daily_actions,sub_tasks,/app/day/81,True,safe_no_change_required,day_number=81;phase=3;is_extension_day=False,KEEP,"[""Write 3 doctor questions"", ""Print or open your Progress report (Print for my doctor)"", ""Walks or workout""]"
daily_actions:446d537d-14b5-4619-915f-f6c9dee86015#day_name,database,public.daily_actions,day_name,/app/day/82,True,safe_no_change_required,day_number=82;phase=3;is_extension_day=False,KEEP,Day 82: Steady
daily_actions:446d537d-14b5-4619-915f-f6c9dee86015#action_title,database,public.daily_actions,action_title,/app/day/82,True,safe_no_change_required,day_number=82;phase=3;is_extension_day=False,KEEP,Day 82 — Steady
daily_actions:446d537d-14b5-4619-915f-f6c9dee86015#action_description,database,public.daily_actions,action_description,/app/day/82,True,safe_no_change_required,day_number=82;phase=3;is_extension_day=False,KEEP,"No experiments this week. Same meals that have worked, same walks, same sleep."
daily_actions:446d537d-14b5-4619-915f-f6c9dee86015#sub_tasks,database,public.daily_actions,sub_tasks,/app/day/82,True,safe_no_change_required,day_number=82;phase=3;is_extension_day=False,KEEP,"[""Repeat a proven day from your best week"", ""All rings"", ""Water target""]"
daily_actions:2a3fd22b-a236-4aef-beff-281dc254ad74#day_name,database,public.daily_actions,day_name,/app/day/83,True,safe_no_change_required,day_number=83;phase=3;is_extension_day=False,KEEP,Day 83: Gratitude Rep
daily_actions:2a3fd22b-a236-4aef-beff-281dc254ad74#action_title,database,public.daily_actions,action_title,/app/day/83,True,safe_no_change_required,day_number=83;phase=3;is_extension_day=False,KEEP,Day 83 — Gratitude Rep
daily_actions:2a3fd22b-a236-4aef-beff-281dc254ad74#action_description,database,public.daily_actions,action_description,/app/day/83,True,safe_no_change_required,day_number=83;phase=3;is_extension_day=False,KEEP,Note three things your body can do today that it struggled with on Day 1. Energy counts. Sleep counts. Stairs count.
daily_actions:2a3fd22b-a236-4aef-beff-281dc254ad74#sub_tasks,database,public.daily_actions,sub_tasks,/app/day/83,True,safe_no_change_required,day_number=83;phase=3;is_extension_day=False,KEEP,"[""Write the three things"", ""Mindset card"", ""Walks or workout""]"
daily_actions:6f8b3e92-8fdf-4426-870a-cc66e11eaac1#day_name,database,public.daily_actions,day_name,/app/day/84,True,safe_no_change_required,day_number=84;phase=3;is_extension_day=False,KEEP,Day 84: Twelve Weeks
daily_actions:6f8b3e92-8fdf-4426-870a-cc66e11eaac1#action_title,database,public.daily_actions,action_title,/app/day/84,True,safe_no_change_required,day_number=84;phase=3;is_extension_day=False,KEEP,Day 84 — Twelve Weeks
daily_actions:6f8b3e92-8fdf-4426-870a-cc66e11eaac1#action_description,database,public.daily_actions,action_description,/app/day/84,True,safe_no_change_required,day_number=84;phase=3;is_extension_day=False,KEEP,Six days out. You've done 84 days of work for a 5-minute blood draw. Let it come.
daily_actions:6f8b3e92-8fdf-4426-870a-cc66e11eaac1#sub_tasks,database,public.daily_actions,sub_tasks,/app/day/84,True,safe_no_change_required,day_number=84;phase=3;is_extension_day=False,KEEP,"[""All rings closed"", ""Early night"", ""One line: predict your A1C, honestly""]"
daily_actions:30cdf68d-d8c1-491f-902e-d03ab82c39cd#day_name,database,public.daily_actions,day_name,/app/day/85,True,safe_no_change_required,day_number=85;phase=3;is_extension_day=False,KEEP,Day 85: Final Approach
daily_actions:30cdf68d-d8c1-491f-902e-d03ab82c39cd#action_title,database,public.daily_actions,action_title,/app/day/85,True,safe_no_change_required,day_number=85;phase=3;is_extension_day=False,KEEP,Day 85 — Final Approach
daily_actions:30cdf68d-d8c1-491f-902e-d03ab82c39cd#action_description,database,public.daily_actions,action_description,/app/day/85,True,reversal_cure,day_number=85;phase=3;is_extension_day=False,CLINICIAN REVIEW REQUIRED,Keep it boring. Boring is what reversal looks like from the inside.
daily_actions:30cdf68d-d8c1-491f-902e-d03ab82c39cd#sub_tasks,database,public.daily_actions,sub_tasks,/app/day/85,True,safe_no_change_required,day_number=85;phase=3;is_extension_day=False,KEEP,"[""3 plate-method meals"", ""3/3 walks"", ""Water target""]"
daily_actions:db657052-83ad-44ad-a2fd-f509c92114c5#day_name,database,public.daily_actions,day_name,/app/day/86,True,safe_no_change_required,day_number=86;phase=3;is_extension_day=False,KEEP,Day 86: Data Package Day
daily_actions:db657052-83ad-44ad-a2fd-f509c92114c5#action_title,database,public.daily_actions,action_title,/app/day/86,True,safe_no_change_required,day_number=86;phase=3;is_extension_day=False,KEEP,Day 86 — Data Package Day
daily_actions:db657052-83ad-44ad-a2fd-f509c92114c5#action_description,database,public.daily_actions,action_description,/app/day/86,True,safe_no_change_required,day_number=86;phase=3;is_extension_day=False,KEEP,Generate your doctor report and review it yourself first. You should walk in knowing your story better than anyone.
daily_actions:db657052-83ad-44ad-a2fd-f509c92114c5#sub_tasks,database,public.daily_actions,sub_tasks,/app/day/86,True,safe_no_change_required,day_number=86;phase=3;is_extension_day=False,KEEP,"[""Open Progress → Print report for my doctor"", ""Review your 90-day trends"", ""Walks or workout""]"
daily_actions:f307b31b-e7de-4121-ab36-aef010c22e52#day_name,database,public.daily_actions,day_name,/app/day/87,True,safe_no_change_required,day_number=87;phase=3;is_extension_day=False,KEEP,Day 87: The Night Before Matters
daily_actions:f307b31b-e7de-4121-ab36-aef010c22e52#action_title,database,public.daily_actions,action_title,/app/day/87,True,safe_no_change_required,day_number=87;phase=3;is_extension_day=False,KEEP,Day 87 — The Night Before Matters
daily_actions:f307b31b-e7de-4121-ab36-aef010c22e52#action_description,database,public.daily_actions,action_description,/app/day/87,True,safe_no_change_required,day_number=87;phase=3;is_extension_day=False,KEEP,"Whatever your test day is this week: the dinner before should be a textbook plate, followed by the walk, followed by real sleep."
daily_actions:f307b31b-e7de-4121-ab36-aef010c22e52#sub_tasks,database,public.daily_actions,sub_tasks,/app/day/87,True,safe_no_change_required,day_number=87;phase=3;is_extension_day=False,KEEP,"[""Textbook plate-method dinner"", ""Dinner walk"", ""Sleep protocol tonight""]"
daily_actions:ed6a151e-d943-40b3-8518-9b46ee12940f#day_name,database,public.daily_actions,day_name,/app/day/88,True,safe_no_change_required,day_number=88;phase=3;is_extension_day=False,KEEP,Day 88: Almost
daily_actions:ed6a151e-d943-40b3-8518-9b46ee12940f#action_title,database,public.daily_actions,action_title,/app/day/88,True,safe_no_change_required,day_number=88;phase=3;is_extension_day=False,KEEP,Day 88 — Almost
daily_actions:ed6a151e-d943-40b3-8518-9b46ee12940f#action_description,database,public.daily_actions,action_description,/app/day/88,True,safe_no_change_required,day_number=88;phase=3;is_extension_day=False,KEEP,Two days. Hold the line.
daily_actions:ed6a151e-d943-40b3-8518-9b46ee12940f#sub_tasks,database,public.daily_actions,sub_tasks,/app/day/88,True,safe_no_change_required,day_number=88;phase=3;is_extension_day=False,KEEP,"[""All rings closed"", ""Water target"", ""Mindset card""]"
daily_actions:217c8ea8-d725-4c03-871a-65e9a5f6572a#day_name,database,public.daily_actions,day_name,/app/day/89,True,safe_no_change_required,day_number=89;phase=3;is_extension_day=False,KEEP,Day 89: Eve
daily_actions:217c8ea8-d725-4c03-871a-65e9a5f6572a#action_title,database,public.daily_actions,action_title,/app/day/89,True,safe_no_change_required,day_number=89;phase=3;is_extension_day=False,KEEP,Day 89 — Eve
daily_actions:217c8ea8-d725-4c03-871a-65e9a5f6572a#action_description,database,public.daily_actions,action_description,/app/day/89,True,safe_no_change_required,day_number=89;phase=3;is_extension_day=False,KEEP,"Tomorrow is Day 90. Whatever the number says, it will be lower than the trajectory you were on 89 days ago — and that trajectory change is the entire point."
daily_actions:217c8ea8-d725-4c03-871a-65e9a5f6572a#sub_tasks,database,public.daily_actions,sub_tasks,/app/day/89,True,safe_no_change_required,day_number=89;phase=3;is_extension_day=False,KEEP,"[""All rings closed"", ""Confirm tomorrow's plan (test + measurement)"", ""Early night""]"
daily_actions:1220d61c-919c-46d0-b268-64ec722220ab#day_name,database,public.daily_actions,day_name,/app/day/90,True,safe_no_change_required,day_number=90;phase=3;is_extension_day=False,KEEP,Day 90: Test Day: The Shifter
daily_actions:1220d61c-919c-46d0-b268-64ec722220ab#action_title,database,public.daily_actions,action_title,/app/day/90,True,safe_no_change_required,day_number=90;phase=3;is_extension_day=False,KEEP,Day 90 — Test Day: The Shifter
daily_actions:1220d61c-919c-46d0-b268-64ec722220ab#action_description,database,public.daily_actions,action_description,/app/day/90,True,safe_no_change_required,day_number=90;phase=3;is_extension_day=False,KEEP,"Level 4. Get the A1C drawn this week if not today, log your Month 3 measurements, and enter the result in Progress the moment you have it. Then come tell the community — someone on Day 3 needs to see what Day 90 looks like."
daily_actions:1220d61c-919c-46d0-b268-64ec722220ab#sub_tasks,database,public.daily_actions,sub_tasks,/app/day/90,True,safe_no_change_required,day_number=90;phase=3;is_extension_day=False,KEEP,"[""A1C test done or scheduled this week"", ""Log Month 3 measurements"", ""Enter A1C in Progress when received; share the moment in Ask → Wins""]"
daily_actions:6c6e4568-827a-4709-a43f-cdb9883169cb#day_name,database,public.daily_actions,day_name,/app/day/91,True,safe_no_change_required,day_number=91;phase=4;is_extension_day=False,KEEP,Day 91: The Number Arrives
daily_actions:6c6e4568-827a-4709-a43f-cdb9883169cb#action_title,database,public.daily_actions,action_title,/app/day/91,True,safe_no_change_required,day_number=91;phase=4;is_extension_day=False,KEEP,Day 91 — The Number Arrives
daily_actions:6c6e4568-827a-4709-a43f-cdb9883169cb#action_description,database,public.daily_actions,action_description,/app/day/91,True,safe_no_change_required,day_number=91;phase=4;is_extension_day=False,KEEP,"Your A1C result is a photograph of the last three months, not a verdict on your future. Whatever it says, it was written by the days you already lived — and the next one is being written now."
daily_actions:6c6e4568-827a-4709-a43f-cdb9883169cb#sub_tasks,database,public.daily_actions,sub_tasks,/app/day/91,True,safe_no_change_required,day_number=91;phase=4;is_extension_day=False,KEEP,"[""Enter your A1C result in Progress when you have it"", ""Compare it to your Day 1 number"", ""Write one line: what you expected vs. what you got""]"
daily_actions:61af589b-61aa-4bac-a2b7-a13ce0b49641#day_name,database,public.daily_actions,day_name,/app/day/92,True,safe_no_change_required,day_number=92;phase=4;is_extension_day=False,KEEP,Day 92: Reading It Honestly
daily_actions:61af589b-61aa-4bac-a2b7-a13ce0b49641#action_title,database,public.daily_actions,action_title,/app/day/92,True,safe_no_change_required,day_number=92;phase=4;is_extension_day=False,KEEP,Day 92 — Reading It Honestly
daily_actions:61af589b-61aa-4bac-a2b7-a13ce0b49641#action_description,database,public.daily_actions,action_description,/app/day/92,True,reversal_cure,day_number=92;phase=4;is_extension_day=False,CLINICIAN REVIEW REQUIRED,"Below 6.5% is the remission threshold. Between 5.7 and 6.4 is the pre-diabetes range. Above 6.5 means the work continues. All three are information, not identity."
daily_actions:61af589b-61aa-4bac-a2b7-a13ce0b49641#sub_tasks,database,public.daily_actions,sub_tasks,/app/day/92,True,safe_no_change_required,day_number=92;phase=4;is_extension_day=False,KEEP,"[""Read where your number falls"", ""Note what your doctor said, if you've spoken"", ""All rings closed today""]"
daily_actions:6641907f-86ee-4a77-9c5c-4b548f4ff8de#day_name,database,public.daily_actions,day_name,/app/day/93,True,safe_no_change_required,day_number=93;phase=4;is_extension_day=False,KEEP,Day 93: If It Dropped
daily_actions:6641907f-86ee-4a77-9c5c-4b548f4ff8de#action_title,database,public.daily_actions,action_title,/app/day/93,True,safe_no_change_required,day_number=93;phase=4;is_extension_day=False,KEEP,Day 93 — If It Dropped
daily_actions:6641907f-86ee-4a77-9c5c-4b548f4ff8de#action_description,database,public.daily_actions,action_description,/app/day/93,True,safe_no_change_required,day_number=93;phase=4;is_extension_day=False,KEEP,"A falling A1C means your body responded. That response is repeatable — it came from meals, walks, and sleep, and all three are still available to you tomorrow."
daily_actions:6641907f-86ee-4a77-9c5c-4b548f4ff8de#sub_tasks,database,public.daily_actions,sub_tasks,/app/day/93,True,safe_no_change_required,day_number=93;phase=4;is_extension_day=False,KEEP,"[""Name the single habit you were most consistent with"", ""Do that one deliberately today"", ""Log a fasting reading""]"
daily_actions:c82a9a67-bd6e-455a-9792-61f47e58c59f#day_name,database,public.daily_actions,day_name,/app/day/94,True,safe_no_change_required,day_number=94;phase=4;is_extension_day=False,KEEP,Day 94: If It Didn't Drop Much
daily_actions:c82a9a67-bd6e-455a-9792-61f47e58c59f#action_title,database,public.daily_actions,action_title,/app/day/94,True,safe_no_change_required,day_number=94;phase=4;is_extension_day=False,KEEP,Day 94 — If It Didn't Drop Much
daily_actions:c82a9a67-bd6e-455a-9792-61f47e58c59f#action_description,database,public.daily_actions,action_description,/app/day/94,True,safe_no_change_required,day_number=94;phase=4;is_extension_day=False,KEEP,"Some bodies move slower. Longer diabetes duration, certain medications, and sleep debt all blunt the response. Slow is not stopped, and the honest metric this month is your post-meal readings, not the lab."
daily_actions:c82a9a67-bd6e-455a-9792-61f47e58c59f#sub_tasks,database,public.daily_actions,sub_tasks,/app/day/94,True,safe_no_change_required,day_number=94;phase=4;is_extension_day=False,KEEP,"[""Log two post-meal readings today"", ""Compare them to your Phase 1 readings"", ""Walks or workout per your schedule""]"
daily_actions:576353b0-1a19-458d-95ef-31ddd4139622#day_name,database,public.daily_actions,day_name,/app/day/95,True,safe_no_change_required,day_number=95;phase=4;is_extension_day=False,KEEP,Day 95: The Doctor Conversation
daily_actions:576353b0-1a19-458d-95ef-31ddd4139622#action_title,database,public.daily_actions,action_title,/app/day/95,True,safe_no_change_required,day_number=95;phase=4;is_extension_day=False,KEEP,Day 95 — The Doctor Conversation
daily_actions:576353b0-1a19-458d-95ef-31ddd4139622#action_description,database,public.daily_actions,action_description,/app/day/95,True,safe_no_change_required,day_number=95;phase=4;is_extension_day=False,KEEP,"If your numbers have improved, your medication needs may have changed. Only your doctor can make that call. Book the conversation and bring your data."
daily_actions:576353b0-1a19-458d-95ef-31ddd4139622#sub_tasks,database,public.daily_actions,sub_tasks,/app/day/95,True,uncited_absolute,day_number=95;phase=4;is_extension_day=False,CLINICIAN REVIEW REQUIRED,"[""Book or plan a doctor appointment"", ""Print your Progress report to bring with you"", ""Never adjust any medication on your own""]"
daily_actions:ad751dcc-9243-49e5-bb7b-42a4257c2a83#day_name,database,public.daily_actions,day_name,/app/day/96,True,safe_no_change_required,day_number=96;phase=4;is_extension_day=False,KEEP,Day 96: What to Ask
daily_actions:ad751dcc-9243-49e5-bb7b-42a4257c2a83#action_title,database,public.daily_actions,action_title,/app/day/96,True,safe_no_change_required,day_number=96;phase=4;is_extension_day=False,KEEP,Day 96 — What to Ask
daily_actions:ad751dcc-9243-49e5-bb7b-42a4257c2a83#action_description,database,public.daily_actions,action_description,/app/day/96,True,safe_no_change_required,day_number=96;phase=4;is_extension_day=False,KEEP,Good questions get better care. Ask: has anything changed enough to review my medication? What number are we aiming for next? What would you want to see in three months?
daily_actions:ad751dcc-9243-49e5-bb7b-42a4257c2a83#sub_tasks,database,public.daily_actions,sub_tasks,/app/day/96,True,safe_no_change_required,day_number=96;phase=4;is_extension_day=False,KEEP,"[""Write your three questions down"", ""Add them to your phone notes for the appointment"", ""All meals plate-method""]"
daily_actions:eb7ce8bf-cf01-4e1c-b1a1-3b9156826f6f#day_name,database,public.daily_actions,day_name,/app/day/97,True,safe_no_change_required,day_number=97;phase=4;is_extension_day=False,KEEP,Day 97: Back to Basics Week
daily_actions:eb7ce8bf-cf01-4e1c-b1a1-3b9156826f6f#action_title,database,public.daily_actions,action_title,/app/day/97,True,safe_no_change_required,day_number=97;phase=4;is_extension_day=False,KEEP,Day 97 — Back to Basics Week
daily_actions:eb7ce8bf-cf01-4e1c-b1a1-3b9156826f6f#action_description,database,public.daily_actions,action_description,/app/day/97,True,safe_no_change_required,day_number=97;phase=4;is_extension_day=False,KEEP,"No new tactics for the next seven days. Just the four rings, cleanly, every day. Consolidation is what makes a result durable."
daily_actions:eb7ce8bf-cf01-4e1c-b1a1-3b9156826f6f#sub_tasks,database,public.daily_actions,sub_tasks,/app/day/97,True,safe_no_change_required,day_number=97;phase=4;is_extension_day=False,KEEP,"[""All four rings closed"", ""3 plate-method meals"", ""Water target""]"
daily_actions:5958d7d2-9bdd-4dc7-b860-0e85846c505c#day_name,database,public.daily_actions,day_name,/app/day/98,True,uncited_absolute,day_number=98;phase=4;is_extension_day=False,CLINICIAN REVIEW REQUIRED,Day 98: The Meal You Never Get Tired Of
daily_actions:5958d7d2-9bdd-4dc7-b860-0e85846c505c#action_title,database,public.daily_actions,action_title,/app/day/98,True,uncited_absolute,day_number=98;phase=4;is_extension_day=False,CLINICIAN REVIEW REQUIRED,Day 98 — The Meal You Never Get Tired Of
daily_actions:5958d7d2-9bdd-4dc7-b860-0e85846c505c#action_description,database,public.daily_actions,action_description,/app/day/98,True,safe_no_change_required,day_number=98;phase=4;is_extension_day=False,KEEP,Every sustainable eater has three or four meals they can make without thinking. Name yours today — that list is your safety net on hard days.
daily_actions:5958d7d2-9bdd-4dc7-b860-0e85846c505c#sub_tasks,database,public.daily_actions,sub_tasks,/app/day/98,True,safe_no_change_required,day_number=98;phase=4;is_extension_day=False,KEEP,"[""Write down your three go-to meals"", ""Cook one of them today"", ""Walks or workout""]"
daily_actions:1a6d2523-2fbf-4363-930d-c79aa687da17#day_name,database,public.daily_actions,day_name,/app/day/99,True,safe_no_change_required,day_number=99;phase=4;is_extension_day=False,KEEP,Day 99: Protein Audit
daily_actions:1a6d2523-2fbf-4363-930d-c79aa687da17#action_title,database,public.daily_actions,action_title,/app/day/99,True,safe_no_change_required,day_number=99;phase=4;is_extension_day=False,KEEP,Day 99 — Protein Audit
daily_actions:1a6d2523-2fbf-4363-930d-c79aa687da17#action_description,database,public.daily_actions,action_description,/app/day/99,True,safe_no_change_required,day_number=99;phase=4;is_extension_day=False,KEEP,"Muscle protects glucose control and protects you as you age. Palm-sized protein at every meal, no exceptions today."
daily_actions:1a6d2523-2fbf-4363-930d-c79aa687da17#sub_tasks,database,public.daily_actions,sub_tasks,/app/day/99,True,safe_no_change_required,day_number=99;phase=4;is_extension_day=False,KEEP,"[""Protein at all 3 meals"", ""Protein first at dinner"", ""Log a post-meal reading""]"
daily_actions:ca102862-6972-4151-8213-dce1ba846093#day_name,database,public.daily_actions,day_name,/app/day/100,True,safe_no_change_required,day_number=100;phase=4;is_extension_day=False,KEEP,Day 100: One Hundred Days
daily_actions:ca102862-6972-4151-8213-dce1ba846093#action_title,database,public.daily_actions,action_title,/app/day/100,True,safe_no_change_required,day_number=100;phase=4;is_extension_day=False,KEEP,Day 100 — One Hundred Days
daily_actions:ca102862-6972-4151-8213-dce1ba846093#action_description,database,public.daily_actions,action_description,/app/day/100,True,safe_no_change_required,day_number=100;phase=4;is_extension_day=False,KEEP,"A hundred days ago this was a plan. Today it's a routine. Tell someone what changed — saying it out loud makes it real, and someone listening may need to hear it."
daily_actions:ca102862-6972-4151-8213-dce1ba846093#sub_tasks,database,public.daily_actions,sub_tasks,/app/day/100,True,safe_no_change_required,day_number=100;phase=4;is_extension_day=False,KEEP,"[""Tell one person what's different since Day 1"", ""Share a win in Ask if you have one"", ""All rings closed""]"
daily_actions:1a174dfa-5e16-4455-a217-6be076a4c0c4#day_name,database,public.daily_actions,day_name,/app/day/101,True,safe_no_change_required,day_number=101;phase=4;is_extension_day=False,KEEP,Day 101: Week Fifteen Opens
daily_actions:1a174dfa-5e16-4455-a217-6be076a4c0c4#action_title,database,public.daily_actions,action_title,/app/day/101,True,safe_no_change_required,day_number=101;phase=4;is_extension_day=False,KEEP,Day 101 — Week Fifteen Opens
daily_actions:1a174dfa-5e16-4455-a217-6be076a4c0c4#action_description,database,public.daily_actions,action_description,/app/day/101,True,safe_no_change_required,day_number=101;phase=4;is_extension_day=False,KEEP,"The work now is protection. Protect the walks, the plate, the sleep. Nothing new until Day 120."
daily_actions:1a174dfa-5e16-4455-a217-6be076a4c0c4#sub_tasks,database,public.daily_actions,sub_tasks,/app/day/101,True,safe_no_change_required,day_number=101;phase=4;is_extension_day=False,KEEP,"[""3 plate-method meals"", ""Walks or workout per schedule"", ""Water target""]"
daily_actions:a5c1ebef-5a10-4f62-bf5e-200927e494b3#day_name,database,public.daily_actions,day_name,/app/day/102,True,safe_no_change_required,day_number=102;phase=4;is_extension_day=False,KEEP,"Day 102: The Sunday Reset, Any Day"
daily_actions:a5c1ebef-5a10-4f62-bf5e-200927e494b3#action_title,database,public.daily_actions,action_title,/app/day/102,True,safe_no_change_required,day_number=102;phase=4;is_extension_day=False,KEEP,"Day 102 — The Sunday Reset, Any Day"
daily_actions:a5c1ebef-5a10-4f62-bf5e-200927e494b3#action_description,database,public.daily_actions,action_description,/app/day/102,True,safe_no_change_required,day_number=102;phase=4;is_extension_day=False,KEEP,"Look at the week ahead. Pick your workout days, note two ingredients to buy, and decide which meal you'll repeat."
daily_actions:a5c1ebef-5a10-4f62-bf5e-200927e494b3#sub_tasks,database,public.daily_actions,sub_tasks,/app/day/102,True,safe_no_change_required,day_number=102;phase=4;is_extension_day=False,KEEP,"[""Review the week in Meals"", ""Set your movement days"", ""Water target""]"
daily_actions:283fd408-9815-424b-8f1b-8cf5d70d0ea2#day_name,database,public.daily_actions,day_name,/app/day/103,True,safe_no_change_required,day_number=103;phase=4;is_extension_day=False,KEEP,Day 103: Sleep Is Still a Lever
daily_actions:283fd408-9815-424b-8f1b-8cf5d70d0ea2#action_title,database,public.daily_actions,action_title,/app/day/103,True,safe_no_change_required,day_number=103;phase=4;is_extension_day=False,KEEP,Day 103 — Sleep Is Still a Lever
daily_actions:283fd408-9815-424b-8f1b-8cf5d70d0ea2#action_description,database,public.daily_actions,action_description,/app/day/103,True,insulin_sensitivity_claim,day_number=103;phase=4;is_extension_day=False,CLINICIAN REVIEW REQUIRED,"One short night can measurably blunt the next day's insulin sensitivity. Same wake time, cool room, screens off early."
daily_actions:283fd408-9815-424b-8f1b-8cf5d70d0ea2#sub_tasks,database,public.daily_actions,sub_tasks,/app/day/103,True,safe_no_change_required,day_number=103;phase=4;is_extension_day=False,KEEP,"[""Execute your sleep protocol tonight"", ""Compare tomorrow's fasting reading to your average"", ""Walks or workout""]"
daily_actions:c4af953e-9a7d-4589-a90f-c2f48af7f019#day_name,database,public.daily_actions,day_name,/app/day/104,True,safe_no_change_required,day_number=104;phase=4;is_extension_day=False,KEEP,Day 104: Eat the Vegetables First
daily_actions:c4af953e-9a7d-4589-a90f-c2f48af7f019#action_title,database,public.daily_actions,action_title,/app/day/104,True,safe_no_change_required,day_number=104;phase=4;is_extension_day=False,KEEP,Day 104 — Eat the Vegetables First
daily_actions:c4af953e-9a7d-4589-a90f-c2f48af7f019#action_description,database,public.daily_actions,action_description,/app/day/104,True,safe_no_change_required,day_number=104;phase=4;is_extension_day=False,KEEP,"Order changes the curve. Vegetables, then protein, then carbs — same food, flatter response."
daily_actions:c4af953e-9a7d-4589-a90f-c2f48af7f019#sub_tasks,database,public.daily_actions,sub_tasks,/app/day/104,True,safe_no_change_required,day_number=104;phase=4;is_extension_day=False,KEEP,"[""Vegetables first at all 3 meals"", ""Log a 2-hour post-meal reading"", ""All rings""]"
daily_actions:12f942b1-8ea8-44cc-a9c0-9acf2f718eb2#day_name,database,public.daily_actions,day_name,/app/day/105,True,safe_no_change_required,day_number=105;phase=4;is_extension_day=False,KEEP,Day 105: Stress Raises Glucose Without Food
daily_actions:12f942b1-8ea8-44cc-a9c0-9acf2f718eb2#action_title,database,public.daily_actions,action_title,/app/day/105,True,safe_no_change_required,day_number=105;phase=4;is_extension_day=False,KEEP,Day 105 — Stress Raises Glucose Without Food
daily_actions:12f942b1-8ea8-44cc-a9c0-9acf2f718eb2#action_description,database,public.daily_actions,action_description,/app/day/105,True,safe_no_change_required,day_number=105;phase=4;is_extension_day=False,KEEP,Stress hormones lift blood sugar with nothing on the plate. Two slow-breathing pauses today. It's not soft — it's metabolic.
daily_actions:12f942b1-8ea8-44cc-a9c0-9acf2f718eb2#sub_tasks,database,public.daily_actions,sub_tasks,/app/day/105,True,safe_no_change_required,day_number=105;phase=4;is_extension_day=False,KEEP,"[""Two 10-breath pauses, morning and evening"", ""Mindset card"", ""Walks or workout""]"
daily_actions:e04b70ea-bea3-44f0-abb9-e2495a756a7f#day_name,database,public.daily_actions,day_name,/app/day/106,True,safe_no_change_required,day_number=106;phase=4;is_extension_day=False,KEEP,"Day 106: The Restaurant Test, Mastered"
daily_actions:e04b70ea-bea3-44f0-abb9-e2495a756a7f#action_title,database,public.daily_actions,action_title,/app/day/106,True,safe_no_change_required,day_number=106;phase=4;is_extension_day=False,KEEP,"Day 106 — The Restaurant Test, Mastered"
daily_actions:e04b70ea-bea3-44f0-abb9-e2495a756a7f#action_description,database,public.daily_actions,action_description,/app/day/106,True,safe_no_change_required,day_number=106;phase=4;is_extension_day=False,KEEP,"You've done this before. Half vegetables, quarter protein, quarter carbs, water. Order without opening a negotiation with yourself."
daily_actions:e04b70ea-bea3-44f0-abb9-e2495a756a7f#sub_tasks,database,public.daily_actions,sub_tasks,/app/day/106,True,safe_no_change_required,day_number=106;phase=4;is_extension_day=False,KEEP,"[""One plate-method meal away from home, planned or executed"", ""Log it honestly"", ""All rings""]"
daily_actions:839b334b-eeb7-444f-bdc2-dd8209075fc0#day_name,database,public.daily_actions,day_name,/app/day/107,True,safe_no_change_required,day_number=107;phase=4;is_extension_day=False,KEEP,Day 107: Fifteen Weeks
daily_actions:839b334b-eeb7-444f-bdc2-dd8209075fc0#action_title,database,public.daily_actions,action_title,/app/day/107,True,safe_no_change_required,day_number=107;phase=4;is_extension_day=False,KEEP,Day 107 — Fifteen Weeks
daily_actions:839b334b-eeb7-444f-bdc2-dd8209075fc0#action_description,database,public.daily_actions,action_description,/app/day/107,True,safe_no_change_required,day_number=107;phase=4;is_extension_day=False,KEEP,"Check your trends, not your last reading. Direction is the story."
daily_actions:839b334b-eeb7-444f-bdc2-dd8209075fc0#sub_tasks,database,public.daily_actions,sub_tasks,/app/day/107,True,safe_no_change_required,day_number=107;phase=4;is_extension_day=False,KEEP,"[""Review blood sugar and weight trends in Progress"", ""Write one line: the trend you're proudest of"", ""All rings""]"
daily_actions:b561a8c8-abc2-40f8-8a43-b87a6a52ec96#day_name,database,public.daily_actions,day_name,/app/day/108,True,safe_no_change_required,day_number=108;phase=4;is_extension_day=False,KEEP,Day 108: Movement You'd Do Anyway
daily_actions:b561a8c8-abc2-40f8-8a43-b87a6a52ec96#action_title,database,public.daily_actions,action_title,/app/day/108,True,safe_no_change_required,day_number=108;phase=4;is_extension_day=False,KEEP,Day 108 — Movement You'd Do Anyway
daily_actions:b561a8c8-abc2-40f8-8a43-b87a6a52ec96#action_description,database,public.daily_actions,action_description,/app/day/108,True,safe_no_change_required,day_number=108;phase=4;is_extension_day=False,KEEP,"The exercise that lasts is the one you don't dread. If your current routine feels like a chore, change it today — walking, swimming, dancing, stairs."
daily_actions:b561a8c8-abc2-40f8-8a43-b87a6a52ec96#sub_tasks,database,public.daily_actions,sub_tasks,/app/day/108,True,safe_no_change_required,day_number=108;phase=4;is_extension_day=False,KEEP,"[""Do one form of movement you actually enjoy"", ""Log it"", ""Water target""]"
daily_actions:c4c70374-1da9-46c0-a185-2378f6a92c7b#day_name,database,public.daily_actions,day_name,/app/day/109,True,safe_no_change_required,day_number=109;phase=4;is_extension_day=False,KEEP,Day 109: The Hydration Check
daily_actions:c4c70374-1da9-46c0-a185-2378f6a92c7b#action_title,database,public.daily_actions,action_title,/app/day/109,True,safe_no_change_required,day_number=109;phase=4;is_extension_day=False,KEEP,Day 109 — The Hydration Check
daily_actions:c4c70374-1da9-46c0-a185-2378f6a92c7b#action_description,database,public.daily_actions,action_description,/app/day/109,True,safe_no_change_required,day_number=109;phase=4;is_extension_day=False,KEEP,"If you're consistently short on water, move the target earlier. Half your daily total before 2 PM."
daily_actions:c4c70374-1da9-46c0-a185-2378f6a92c7b#sub_tasks,database,public.daily_actions,sub_tasks,/app/day/109,True,safe_no_change_required,day_number=109;phase=4;is_extension_day=False,KEEP,"[""Half your water by 2 PM"", ""Full target by evening"", ""Walks or workout""]"
daily_actions:4a4d3c80-e21d-4925-819e-f32a1972dd5f#day_name,database,public.daily_actions,day_name,/app/day/110,True,safe_no_change_required,day_number=110;phase=4;is_extension_day=False,KEEP,Day 110: Teach the Plate Again
daily_actions:4a4d3c80-e21d-4925-819e-f32a1972dd5f#action_title,database,public.daily_actions,action_title,/app/day/110,True,safe_no_change_required,day_number=110;phase=4;is_extension_day=False,KEEP,Day 110 — Teach the Plate Again
daily_actions:4a4d3c80-e21d-4925-819e-f32a1972dd5f#action_description,database,public.daily_actions,action_description,/app/day/110,True,safe_no_change_required,day_number=110;phase=4;is_extension_day=False,KEEP,Explain the plate method to someone new. Teaching is how knowledge becomes permanent.
daily_actions:4a4d3c80-e21d-4925-819e-f32a1972dd5f#sub_tasks,database,public.daily_actions,sub_tasks,/app/day/110,True,safe_no_change_required,day_number=110;phase=4;is_extension_day=False,KEEP,"[""Explain it to one person"", ""All meals plate-method"", ""Mindset card""]"
daily_actions:7cd8e0b9-547b-45c0-9fab-c1664b4aacfe#day_name,database,public.daily_actions,day_name,/app/day/111,True,safe_no_change_required,day_number=111;phase=4;is_extension_day=False,KEEP,Day 111: Snack Discipline
daily_actions:7cd8e0b9-547b-45c0-9fab-c1664b4aacfe#action_title,database,public.daily_actions,action_title,/app/day/111,True,safe_no_change_required,day_number=111;phase=4;is_extension_day=False,KEEP,Day 111 — Snack Discipline
daily_actions:7cd8e0b9-547b-45c0-9fab-c1664b4aacfe#action_description,database,public.daily_actions,action_description,/app/day/111,True,safe_no_change_required,day_number=111;phase=4;is_extension_day=False,KEEP,"Snacks bridge gaps longer than five hours. If your meals are close together, you don't need one — and that's not deprivation, it's design."
daily_actions:7cd8e0b9-547b-45c0-9fab-c1664b4aacfe#sub_tasks,database,public.daily_actions,sub_tasks,/app/day/111,True,safe_no_change_required,day_number=111;phase=4;is_extension_day=False,KEEP,"[""Review your snack pattern this week"", ""Skip any snack that isn't bridging a real gap"", ""All rings""]"
daily_actions:a03c5139-2aab-4616-b6fb-a2048e6260fa#day_name,database,public.daily_actions,day_name,/app/day/112,True,safe_no_change_required,day_number=112;phase=4;is_extension_day=False,KEEP,Day 112: Sixteen Weeks
daily_actions:a03c5139-2aab-4616-b6fb-a2048e6260fa#action_title,database,public.daily_actions,action_title,/app/day/112,True,safe_no_change_required,day_number=112;phase=4;is_extension_day=False,KEEP,Day 112 — Sixteen Weeks
daily_actions:a03c5139-2aab-4616-b6fb-a2048e6260fa#action_description,database,public.daily_actions,action_description,/app/day/112,True,safe_no_change_required,day_number=112;phase=4;is_extension_day=False,KEEP,Four months. The version of you from Day 1 would not recognize this week's normal.
daily_actions:a03c5139-2aab-4616-b6fb-a2048e6260fa#sub_tasks,database,public.daily_actions,sub_tasks,/app/day/112,True,safe_no_change_required,day_number=112;phase=4;is_extension_day=False,KEEP,"[""All rings closed"", ""Water target"", ""Early night""]"
daily_actions:16ae6b36-9b4c-48ec-8922-667ce13d8d2c#day_name,database,public.daily_actions,day_name,/app/day/113,True,safe_no_change_required,day_number=113;phase=4;is_extension_day=False,KEEP,"Day 113: Kitchen Sweep, Round Three"
daily_actions:16ae6b36-9b4c-48ec-8922-667ce13d8d2c#action_title,database,public.daily_actions,action_title,/app/day/113,True,safe_no_change_required,day_number=113;phase=4;is_extension_day=False,KEEP,"Day 113 — Kitchen Sweep, Round Three"
daily_actions:16ae6b36-9b4c-48ec-8922-667ce13d8d2c#action_description,database,public.daily_actions,action_description,/app/day/113,True,safe_no_change_required,day_number=113;phase=4;is_extension_day=False,KEEP,"One shelf. If it fights your plate, it doesn't live at eye level."
daily_actions:16ae6b36-9b4c-48ec-8922-667ce13d8d2c#sub_tasks,database,public.daily_actions,sub_tasks,/app/day/113,True,safe_no_change_required,day_number=113;phase=4;is_extension_day=False,KEEP,"[""Clear or rearrange one shelf"", ""3 plate-method meals"", ""Walks or workout""]"
daily_actions:177e9f10-972f-48af-ac68-fc5b59eb59af#day_name,database,public.daily_actions,day_name,/app/day/114,True,safe_no_change_required,day_number=114;phase=4;is_extension_day=False,KEEP,Day 114: The Fasting Check-In
daily_actions:177e9f10-972f-48af-ac68-fc5b59eb59af#action_title,database,public.daily_actions,action_title,/app/day/114,True,safe_no_change_required,day_number=114;phase=4;is_extension_day=False,KEEP,Day 114 — The Fasting Check-In
daily_actions:177e9f10-972f-48af-ac68-fc5b59eb59af#action_description,database,public.daily_actions,action_description,/app/day/114,True,fasting_scheduling,day_number=114;phase=4;is_extension_day=False,CLINICIAN REVIEW REQUIRED,"If you're using an eating window, is it still working? Earlier windows suit type 2 diabetes better than late ones. If yours has drifted late, pull it back."
daily_actions:177e9f10-972f-48af-ac68-fc5b59eb59af#sub_tasks,database,public.daily_actions,sub_tasks,/app/day/114,True,safe_no_change_required,day_number=114;phase=4;is_extension_day=False,KEEP,"[""Review your window in the Fasting tab"", ""Adjust your start time if it has drifted"", ""All rings""]"
daily_actions:0d41d8ee-f955-4aff-9b91-9e099e9cd1a7#day_name,database,public.daily_actions,day_name,/app/day/115,True,safe_no_change_required,day_number=115;phase=4;is_extension_day=False,KEEP,Day 115: Strength Builds Storage
daily_actions:0d41d8ee-f955-4aff-9b91-9e099e9cd1a7#action_title,database,public.daily_actions,action_title,/app/day/115,True,safe_no_change_required,day_number=115;phase=4;is_extension_day=False,KEEP,Day 115 — Strength Builds Storage
daily_actions:0d41d8ee-f955-4aff-9b91-9e099e9cd1a7#action_description,database,public.daily_actions,action_description,/app/day/115,True,safe_no_change_required,day_number=115;phase=4;is_extension_day=False,KEEP,Muscle absorbs glucose. Every session you complete builds tissue that handles sugar for you.
daily_actions:0d41d8ee-f955-4aff-9b91-9e099e9cd1a7#sub_tasks,database,public.daily_actions,sub_tasks,/app/day/115,True,safe_no_change_required,day_number=115;phase=4;is_extension_day=False,KEEP,"[""Workout, or 3 walks per your schedule"", ""Protein at every meal"", ""Water target""]"
daily_actions:a58c516f-71e6-40f7-a0f6-cc1ed286e120#day_name,database,public.daily_actions,day_name,/app/day/116,True,safe_no_change_required,day_number=116;phase=4;is_extension_day=False,KEEP,"Day 116: The Plateau Truth, Revisited"
daily_actions:a58c516f-71e6-40f7-a0f6-cc1ed286e120#action_title,database,public.daily_actions,action_title,/app/day/116,True,safe_no_change_required,day_number=116;phase=4;is_extension_day=False,KEEP,"Day 116 — The Plateau Truth, Revisited"
daily_actions:a58c516f-71e6-40f7-a0f6-cc1ed286e120#action_description,database,public.daily_actions,action_description,/app/day/116,True,safe_no_change_required,day_number=116;phase=4;is_extension_day=False,KEEP,Fat loss and glucose repair continue even when the scale pauses. Your post-meal readings are the honest metric this week.
daily_actions:a58c516f-71e6-40f7-a0f6-cc1ed286e120#sub_tasks,database,public.daily_actions,sub_tasks,/app/day/116,True,safe_no_change_required,day_number=116;phase=4;is_extension_day=False,KEEP,"[""Log two post-meal readings"", ""All meals logged"", ""Walks or workout""]"
daily_actions:d542e9aa-7302-4a2a-9705-dec2ed4647b4#day_name,database,public.daily_actions,day_name,/app/day/117,True,safe_no_change_required,day_number=117;phase=4;is_extension_day=False,KEEP,Day 117: Write the Hard Day Plan
daily_actions:d542e9aa-7302-4a2a-9705-dec2ed4647b4#action_title,database,public.daily_actions,action_title,/app/day/117,True,safe_no_change_required,day_number=117;phase=4;is_extension_day=False,KEEP,Day 117 — Write the Hard Day Plan
daily_actions:d542e9aa-7302-4a2a-9705-dec2ed4647b4#action_description,database,public.daily_actions,action_description,/app/day/117,True,safe_no_change_required,day_number=117;phase=4;is_extension_day=False,KEEP,"A bad day is coming — travel, illness, a funeral, a deadline. Decide now what the minimum version of this program looks like on that day."
daily_actions:d542e9aa-7302-4a2a-9705-dec2ed4647b4#sub_tasks,database,public.daily_actions,sub_tasks,/app/day/117,True,safe_no_change_required,day_number=117;phase=4;is_extension_day=False,KEEP,"[""Write your minimum day: water, one plate-method meal, one walk"", ""Save it where you'll find it"", ""All rings today""]"
daily_actions:41e873a0-2e3c-44ca-8114-718f3e23da2b#day_name,database,public.daily_actions,day_name,/app/day/118,True,safe_no_change_required,day_number=118;phase=4;is_extension_day=False,KEEP,Day 118: Ask Someone Else's Question
daily_actions:41e873a0-2e3c-44ca-8114-718f3e23da2b#action_title,database,public.daily_actions,action_title,/app/day/118,True,safe_no_change_required,day_number=118;phase=4;is_extension_day=False,KEEP,Day 118 — Ask Someone Else's Question
daily_actions:41e873a0-2e3c-44ca-8114-718f3e23da2b#action_description,database,public.daily_actions,action_description,/app/day/118,True,safe_no_change_required,day_number=118;phase=4;is_extension_day=False,KEEP,"Read the community feed. Answer one question if you can — you know more than you did, and someone on Day 3 needs it."
daily_actions:41e873a0-2e3c-44ca-8114-718f3e23da2b#sub_tasks,database,public.daily_actions,sub_tasks,/app/day/118,True,safe_no_change_required,day_number=118;phase=4;is_extension_day=False,KEEP,"[""Read the Ask feed"", ""Answer one question or react to one win"", ""All rings""]"
daily_actions:401ed7e5-d3cc-487d-922d-5ca16614416d#day_name,database,public.daily_actions,day_name,/app/day/119,True,safe_no_change_required,day_number=119;phase=4;is_extension_day=False,KEEP,Day 119: Prep for Measurement Day
daily_actions:401ed7e5-d3cc-487d-922d-5ca16614416d#action_title,database,public.daily_actions,action_title,/app/day/119,True,safe_no_change_required,day_number=119;phase=4;is_extension_day=False,KEEP,Day 119 — Prep for Measurement Day
daily_actions:401ed7e5-d3cc-487d-922d-5ca16614416d#action_description,database,public.daily_actions,action_description,/app/day/119,True,safe_no_change_required,day_number=119;phase=4;is_extension_day=False,KEEP,"Tomorrow is Month 4. Same time of day, same conditions as before."
daily_actions:401ed7e5-d3cc-487d-922d-5ca16614416d#sub_tasks,database,public.daily_actions,sub_tasks,/app/day/119,True,safe_no_change_required,day_number=119;phase=4;is_extension_day=False,KEEP,"[""Set your tape measure out tonight"", ""Plan tomorrow's morning"", ""Early night""]"
daily_actions:bb4b62aa-1964-4185-9d71-97e859f75a5a#day_name,database,public.daily_actions,day_name,/app/day/120,True,safe_no_change_required,day_number=120;phase=4;is_extension_day=False,KEEP,Day 120: Month 4 Measurement Day
daily_actions:bb4b62aa-1964-4185-9d71-97e859f75a5a#action_title,database,public.daily_actions,action_title,/app/day/120,True,safe_no_change_required,day_number=120;phase=4;is_extension_day=False,KEEP,Day 120 — Month 4 Measurement Day
daily_actions:bb4b62aa-1964-4185-9d71-97e859f75a5a#action_description,database,public.daily_actions,action_description,/app/day/120,True,safe_no_change_required,day_number=120;phase=4;is_extension_day=False,KEEP,"The tape tells the truth the scale hides. Waist, hips, chest — same conditions as Day 1, 30, 60, and 90."
daily_actions:bb4b62aa-1964-4185-9d71-97e859f75a5a#sub_tasks,database,public.daily_actions,sub_tasks,/app/day/120,True,safe_no_change_required,day_number=120;phase=4;is_extension_day=False,KEEP,"[""Log your Month 4 measurements in Progress"", ""Compare to Day 90 — write one line"", ""Weigh in if it's your weigh day""]"
daily_actions:22d6a5ec-f99c-4302-8cb2-0feaa0fc9193#day_name,database,public.daily_actions,day_name,/app/day/121,True,safe_no_change_required,day_number=121;phase=4;is_extension_day=False,KEEP,Day 121: Read Your Own Data
daily_actions:22d6a5ec-f99c-4302-8cb2-0feaa0fc9193#action_title,database,public.daily_actions,action_title,/app/day/121,True,safe_no_change_required,day_number=121;phase=4;is_extension_day=False,KEEP,Day 121 — Read Your Own Data
daily_actions:22d6a5ec-f99c-4302-8cb2-0feaa0fc9193#action_description,database,public.daily_actions,action_description,/app/day/121,True,safe_no_change_required,day_number=121;phase=4;is_extension_day=False,KEEP,Four months of readings. Find your best week and identify what was different about it.
daily_actions:22d6a5ec-f99c-4302-8cb2-0feaa0fc9193#sub_tasks,database,public.daily_actions,sub_tasks,/app/day/121,True,safe_no_change_required,day_number=121;phase=4;is_extension_day=False,KEEP,"[""Open Progress → Blood Sugar, find your best 7-day stretch"", ""Write down what you did differently"", ""All rings""]"
daily_actions:99cdc770-8d30-4f94-b7bd-830bb3c92060#day_name,database,public.daily_actions,day_name,/app/day/122,True,safe_no_change_required,day_number=122;phase=4;is_extension_day=False,KEEP,Day 122: Repeat Your Best Week
daily_actions:99cdc770-8d30-4f94-b7bd-830bb3c92060#action_title,database,public.daily_actions,action_title,/app/day/122,True,safe_no_change_required,day_number=122;phase=4;is_extension_day=False,KEEP,Day 122 — Repeat Your Best Week
daily_actions:99cdc770-8d30-4f94-b7bd-830bb3c92060#action_description,database,public.daily_actions,action_description,/app/day/122,True,safe_no_change_required,day_number=122;phase=4;is_extension_day=False,KEEP,"Whatever you found yesterday, do it today on purpose."
daily_actions:99cdc770-8d30-4f94-b7bd-830bb3c92060#sub_tasks,database,public.daily_actions,sub_tasks,/app/day/122,True,safe_no_change_required,day_number=122;phase=4;is_extension_day=False,KEEP,"[""Execute yesterday's finding"", ""3 plate-method meals"", ""Water target""]"
daily_actions:dedcc140-813c-4a11-9f33-b4956e0a01df#day_name,database,public.daily_actions,day_name,/app/day/123,True,safe_no_change_required,day_number=123;phase=4;is_extension_day=False,KEEP,Day 123: The Cost Audit
daily_actions:dedcc140-813c-4a11-9f33-b4956e0a01df#action_title,database,public.daily_actions,action_title,/app/day/123,True,safe_no_change_required,day_number=123;phase=4;is_extension_day=False,KEEP,Day 123 — The Cost Audit
daily_actions:dedcc140-813c-4a11-9f33-b4956e0a01df#action_description,database,public.daily_actions,action_description,/app/day/123,True,reversal_cure,day_number=123;phase=4;is_extension_day=False,CLINICIAN REVIEW REQUIRED,Reversal shouldn't be expensive. Look at this week's shopping list — which three ingredients repeat across the most meals? Those are your anchors.
daily_actions:dedcc140-813c-4a11-9f33-b4956e0a01df#sub_tasks,database,public.daily_actions,sub_tasks,/app/day/123,True,safe_no_change_required,day_number=123;phase=4;is_extension_day=False,KEEP,"[""Identify your three anchor ingredients"", ""Build tomorrow's meals around them"", ""Walks or workout""]"
daily_actions:3ea964e5-b12c-4b7c-8fff-cc9fd7585a9f#day_name,database,public.daily_actions,day_name,/app/day/124,True,safe_no_change_required,day_number=124;phase=4;is_extension_day=False,KEEP,Day 124: Movement Before Breakfast
daily_actions:3ea964e5-b12c-4b7c-8fff-cc9fd7585a9f#action_title,database,public.daily_actions,action_title,/app/day/124,True,safe_no_change_required,day_number=124;phase=4;is_extension_day=False,KEEP,Day 124 — Movement Before Breakfast
daily_actions:3ea964e5-b12c-4b7c-8fff-cc9fd7585a9f#action_description,database,public.daily_actions,action_description,/app/day/124,True,safe_no_change_required,day_number=124;phase=4;is_extension_day=False,KEEP,A short walk before your first meal can blunt the day's first spike. Try it once and log the difference.
daily_actions:3ea964e5-b12c-4b7c-8fff-cc9fd7585a9f#sub_tasks,database,public.daily_actions,sub_tasks,/app/day/124,True,safe_no_change_required,day_number=124;phase=4;is_extension_day=False,KEEP,"[""Walk 10 minutes before breakfast"", ""Log a post-breakfast reading"", ""All rings""]"
daily_actions:0443a6cc-3ad4-418b-81b8-d082d92b594a#day_name,database,public.daily_actions,day_name,/app/day/125,True,safe_no_change_required,day_number=125;phase=4;is_extension_day=False,KEEP,Day 125: Seventeen Weeks and Change
daily_actions:0443a6cc-3ad4-418b-81b8-d082d92b594a#action_title,database,public.daily_actions,action_title,/app/day/125,True,safe_no_change_required,day_number=125;phase=4;is_extension_day=False,KEEP,Day 125 — Seventeen Weeks and Change
daily_actions:0443a6cc-3ad4-418b-81b8-d082d92b594a#action_description,database,public.daily_actions,action_description,/app/day/125,True,safe_no_change_required,day_number=125;phase=4;is_extension_day=False,KEEP,Nothing new today. Execute cleanly and let that be the point.
daily_actions:0443a6cc-3ad4-418b-81b8-d082d92b594a#sub_tasks,database,public.daily_actions,sub_tasks,/app/day/125,True,safe_no_change_required,day_number=125;phase=4;is_extension_day=False,KEEP,"[""All four rings closed"", ""Mindset card"", ""Water target""]"
daily_actions:7456acbf-3cd4-4d98-8bca-9e9848b5fd8d#day_name,database,public.daily_actions,day_name,/app/day/126,True,safe_no_change_required,day_number=126;phase=4;is_extension_day=False,KEEP,Day 126: The Second Doctor Conversation
daily_actions:7456acbf-3cd4-4d98-8bca-9e9848b5fd8d#action_title,database,public.daily_actions,action_title,/app/day/126,True,safe_no_change_required,day_number=126;phase=4;is_extension_day=False,KEEP,Day 126 — The Second Doctor Conversation
daily_actions:7456acbf-3cd4-4d98-8bca-9e9848b5fd8d#action_description,database,public.daily_actions,action_description,/app/day/126,True,safe_no_change_required,day_number=126;phase=4;is_extension_day=False,KEEP,"If you haven't reviewed your medication since Day 95, book it now. Your numbers may have moved again, and only your doctor can act on that."
daily_actions:7456acbf-3cd4-4d98-8bca-9e9848b5fd8d#sub_tasks,database,public.daily_actions,sub_tasks,/app/day/126,True,uncited_absolute,day_number=126;phase=4;is_extension_day=False,CLINICIAN REVIEW REQUIRED,"[""Book or confirm your next appointment"", ""Update your printed Progress report"", ""Never adjust medication on your own""]"
daily_actions:59c0886c-6dc6-417c-92cb-7073fb69af34#day_name,database,public.daily_actions,day_name,/app/day/127,True,reversal_cure,day_number=127;phase=4;is_extension_day=False,CLINICIAN REVIEW REQUIRED,Day 127: What Remission Actually Means
daily_actions:59c0886c-6dc6-417c-92cb-7073fb69af34#action_title,database,public.daily_actions,action_title,/app/day/127,True,reversal_cure,day_number=127;phase=4;is_extension_day=False,CLINICIAN REVIEW REQUIRED,Day 127 — What Remission Actually Means
daily_actions:59c0886c-6dc6-417c-92cb-7073fb69af34#action_description,database,public.daily_actions,action_description,/app/day/127,True,reversal_cure,day_number=127;phase=4;is_extension_day=False,CLINICIAN REVIEW REQUIRED,"Remission means an A1C below 6.5% for at least three months without glucose-lowering medication. It is a real, documented outcome — and it is not the only good outcome."
daily_actions:59c0886c-6dc6-417c-92cb-7073fb69af34#sub_tasks,database,public.daily_actions,sub_tasks,/app/day/127,True,reversal_cure,day_number=127;phase=4;is_extension_day=False,CLINICIAN REVIEW REQUIRED,"[""Read today's blog entry on remission criteria"", ""Note where your last A1C sits relative to 6.5"", ""All rings""]"
daily_actions:c4c917d1-1ac1-487e-b044-60aa999876be#day_name,database,public.daily_actions,day_name,/app/day/128,True,safe_no_change_required,day_number=128;phase=4;is_extension_day=False,KEEP,Day 128: The Long Game
daily_actions:c4c917d1-1ac1-487e-b044-60aa999876be#action_title,database,public.daily_actions,action_title,/app/day/128,True,safe_no_change_required,day_number=128;phase=4;is_extension_day=False,KEEP,Day 128 — The Long Game
daily_actions:c4c917d1-1ac1-487e-b044-60aa999876be#action_description,database,public.daily_actions,action_description,/app/day/128,True,reversal_cure,day_number=128;phase=4;is_extension_day=False,CLINICIAN REVIEW REQUIRED,Studies following people who reached remission show that keeping the weight off is what keeps remission in place. This isn't a sprint that ends.
daily_actions:c4c917d1-1ac1-487e-b044-60aa999876be#sub_tasks,database,public.daily_actions,sub_tasks,/app/day/128,True,safe_no_change_required,day_number=128;phase=4;is_extension_day=False,KEEP,"[""Write one sentence: what your maintenance version looks like"", ""All meals plate-method"", ""Walks or workout""]"
daily_actions:730bcd86-275a-42ca-84d5-7174f174de8a#day_name,database,public.daily_actions,day_name,/app/day/129,True,safe_no_change_required,day_number=129;phase=4;is_extension_day=False,KEEP,Day 129: Portion Recalibration
daily_actions:730bcd86-275a-42ca-84d5-7174f174de8a#action_title,database,public.daily_actions,action_title,/app/day/129,True,safe_no_change_required,day_number=129;phase=4;is_extension_day=False,KEEP,Day 129 — Portion Recalibration
daily_actions:730bcd86-275a-42ca-84d5-7174f174de8a#action_description,database,public.daily_actions,action_description,/app/day/129,True,safe_no_change_required,day_number=129;phase=4;is_extension_day=False,KEEP,Eyes drift over four months. Measure your carb quarter once today and reset your sense of it.
daily_actions:730bcd86-275a-42ca-84d5-7174f174de8a#sub_tasks,database,public.daily_actions,sub_tasks,/app/day/129,True,safe_no_change_required,day_number=129;phase=4;is_extension_day=False,KEEP,"[""Measure the carb portion at one meal"", ""3 plate-method meals"", ""Water target""]"
daily_actions:0d7e1461-947a-4c33-8a73-a22cf0558341#day_name,database,public.daily_actions,day_name,/app/day/130,True,safe_no_change_required,day_number=130;phase=4;is_extension_day=False,KEEP,Day 130: Fiber Focus
daily_actions:0d7e1461-947a-4c33-8a73-a22cf0558341#action_title,database,public.daily_actions,action_title,/app/day/130,True,safe_no_change_required,day_number=130;phase=4;is_extension_day=False,KEEP,Day 130 — Fiber Focus
daily_actions:0d7e1461-947a-4c33-8a73-a22cf0558341#action_description,database,public.daily_actions,action_description,/app/day/130,True,safe_no_change_required,day_number=130;phase=4;is_extension_day=False,KEEP,Fiber slows carbohydrate absorption. Half your plate vegetables at all three meals today — no skipping lunch's share.
daily_actions:0d7e1461-947a-4c33-8a73-a22cf0558341#sub_tasks,database,public.daily_actions,sub_tasks,/app/day/130,True,safe_no_change_required,day_number=130;phase=4;is_extension_day=False,KEEP,"[""Half-plate vegetables ×3"", ""Log a post-meal reading"", ""All rings""]"
daily_actions:58c4b92b-4715-47f8-bc25-acd8f29c3ce5#day_name,database,public.daily_actions,day_name,/app/day/131,True,safe_no_change_required,day_number=131;phase=4;is_extension_day=False,KEEP,Day 131: The Walk With Someone
daily_actions:58c4b92b-4715-47f8-bc25-acd8f29c3ce5#action_title,database,public.daily_actions,action_title,/app/day/131,True,safe_no_change_required,day_number=131;phase=4;is_extension_day=False,KEEP,Day 131 — The Walk With Someone
daily_actions:58c4b92b-4715-47f8-bc25-acd8f29c3ce5#action_description,database,public.daily_actions,action_description,/app/day/131,True,safe_no_change_required,day_number=131;phase=4;is_extension_day=False,KEEP,Invite one person to one walk. Accountability you enjoy is accountability that survives.
daily_actions:58c4b92b-4715-47f8-bc25-acd8f29c3ce5#sub_tasks,database,public.daily_actions,sub_tasks,/app/day/131,True,safe_no_change_required,day_number=131;phase=4;is_extension_day=False,KEEP,"[""One walk with company"", ""All walks or workout complete"", ""Water target""]"
daily_actions:776c0b85-51f8-44f7-aed4-f0e116291e24#day_name,database,public.daily_actions,day_name,/app/day/132,True,safe_no_change_required,day_number=132;phase=4;is_extension_day=False,KEEP,"Day 132: Your Why, Fourth Reading"
daily_actions:776c0b85-51f8-44f7-aed4-f0e116291e24#action_title,database,public.daily_actions,action_title,/app/day/132,True,safe_no_change_required,day_number=132;phase=4;is_extension_day=False,KEEP,"Day 132 — Your Why, Fourth Reading"
daily_actions:776c0b85-51f8-44f7-aed4-f0e116291e24#action_description,database,public.daily_actions,action_description,/app/day/132,True,safe_no_change_required,day_number=132;phase=4;is_extension_day=False,KEEP,"Write one sentence about why you started, and one about why you're still here. They've probably changed."
daily_actions:776c0b85-51f8-44f7-aed4-f0e116291e24#sub_tasks,database,public.daily_actions,sub_tasks,/app/day/132,True,safe_no_change_required,day_number=132;phase=4;is_extension_day=False,KEEP,"[""Write both sentences in your notes"", ""Mindset card"", ""All rings""]"
daily_actions:e23f0f98-9ce0-4d28-a0bd-747cb722095c#day_name,database,public.daily_actions,day_name,/app/day/133,True,safe_no_change_required,day_number=133;phase=4;is_extension_day=False,KEEP,Day 133: Prep Week for Level 5
daily_actions:e23f0f98-9ce0-4d28-a0bd-747cb722095c#action_title,database,public.daily_actions,action_title,/app/day/133,True,safe_no_change_required,day_number=133;phase=4;is_extension_day=False,KEEP,Day 133 — Prep Week for Level 5
daily_actions:e23f0f98-9ce0-4d28-a0bd-747cb722095c#action_description,database,public.daily_actions,action_description,/app/day/133,True,safe_no_change_required,day_number=133;phase=4;is_extension_day=False,KEEP,Two days from now the program marks a new level. Nothing to do but run clean days.
daily_actions:e23f0f98-9ce0-4d28-a0bd-747cb722095c#sub_tasks,database,public.daily_actions,sub_tasks,/app/day/133,True,safe_no_change_required,day_number=133;phase=4;is_extension_day=False,KEEP,"[""All four rings closed"", ""3 plate-method meals"", ""Walks or workout""]"
daily_actions:7dd06aa4-d20c-4ea8-a33b-a8b33a0dc272#day_name,database,public.daily_actions,day_name,/app/day/134,True,safe_no_change_required,day_number=134;phase=4;is_extension_day=False,KEEP,Day 134: Steady
daily_actions:7dd06aa4-d20c-4ea8-a33b-a8b33a0dc272#action_title,database,public.daily_actions,action_title,/app/day/134,True,safe_no_change_required,day_number=134;phase=4;is_extension_day=False,KEEP,Day 134 — Steady
daily_actions:7dd06aa4-d20c-4ea8-a33b-a8b33a0dc272#action_description,database,public.daily_actions,action_description,/app/day/134,True,reversal_cure,day_number=134;phase=4;is_extension_day=False,CLINICIAN REVIEW REQUIRED,"Boring is what reversal looks like from the inside. Today, be boring on purpose."
daily_actions:7dd06aa4-d20c-4ea8-a33b-a8b33a0dc272#sub_tasks,database,public.daily_actions,sub_tasks,/app/day/134,True,safe_no_change_required,day_number=134;phase=4;is_extension_day=False,KEEP,"[""All rings"", ""Water target"", ""Early night""]"
daily_actions:90653f7f-ecd1-4a28-8809-921e992746a7#day_name,database,public.daily_actions,day_name,/app/day/135,True,reversal_cure,day_number=135;phase=4;is_extension_day=False,CLINICIAN REVIEW REQUIRED,Day 135: Level 5: The Reverser
daily_actions:90653f7f-ecd1-4a28-8809-921e992746a7#action_title,database,public.daily_actions,action_title,/app/day/135,True,reversal_cure,day_number=135;phase=4;is_extension_day=False,CLINICIAN REVIEW REQUIRED,Day 135 — Level 5: The Reverser
daily_actions:90653f7f-ecd1-4a28-8809-921e992746a7#action_description,database,public.daily_actions,action_description,/app/day/135,True,safe_no_change_required,day_number=135;phase=4;is_extension_day=False,KEEP,"One hundred and thirty-five days. Your body is producing measurably different responses than it did in month one. That is physiology, not motivation."
daily_actions:90653f7f-ecd1-4a28-8809-921e992746a7#sub_tasks,database,public.daily_actions,sub_tasks,/app/day/135,True,safe_no_change_required,day_number=135;phase=4;is_extension_day=False,KEEP,"[""Check your new level on Profile"", ""Log a fasting reading"", ""Share the milestone in Ask if you'd like""]"
daily_actions:0109857d-98cd-4655-abea-6fcf28913fa5#day_name,database,public.daily_actions,day_name,/app/day/136,True,safe_no_change_required,day_number=136;phase=5;is_extension_day=False,KEEP,Day 136: What Sustain Means
daily_actions:0109857d-98cd-4655-abea-6fcf28913fa5#action_title,database,public.daily_actions,action_title,/app/day/136,True,safe_no_change_required,day_number=136;phase=5;is_extension_day=False,KEEP,Day 136 — What Sustain Means
daily_actions:0109857d-98cd-4655-abea-6fcf28913fa5#action_description,database,public.daily_actions,action_description,/app/day/136,True,safe_no_change_required,day_number=136;phase=5;is_extension_day=False,KEEP,The last stretch isn't harder — it's quieter. The goal now is a version of this you could run for years without thinking about it.
daily_actions:0109857d-98cd-4655-abea-6fcf28913fa5#sub_tasks,database,public.daily_actions,sub_tasks,/app/day/136,True,safe_no_change_required,day_number=136;phase=5;is_extension_day=False,KEEP,"[""3 plate-method meals"", ""Walks or workout"", ""Water target""]"
daily_actions:47c14f85-e566-4e1e-9c71-ac1be3ca19eb#day_name,database,public.daily_actions,day_name,/app/day/137,True,safe_no_change_required,day_number=137;phase=5;is_extension_day=False,KEEP,Day 137: Subtract Something
daily_actions:47c14f85-e566-4e1e-9c71-ac1be3ca19eb#action_title,database,public.daily_actions,action_title,/app/day/137,True,safe_no_change_required,day_number=137;phase=5;is_extension_day=False,KEEP,Day 137 — Subtract Something
daily_actions:47c14f85-e566-4e1e-9c71-ac1be3ca19eb#action_description,database,public.daily_actions,action_description,/app/day/137,True,safe_no_change_required,day_number=137;phase=5;is_extension_day=False,KEEP,Look at your routine and find one thing you're doing out of obligation rather than benefit. Drop it. Sustainable means light enough to carry.
daily_actions:47c14f85-e566-4e1e-9c71-ac1be3ca19eb#sub_tasks,database,public.daily_actions,sub_tasks,/app/day/137,True,safe_no_change_required,day_number=137;phase=5;is_extension_day=False,KEEP,"[""Identify one habit that isn't earning its place"", ""Drop it for a week and see what changes"", ""All rings""]"
daily_actions:291f1f49-9097-4a03-86ee-2af652898b92#day_name,database,public.daily_actions,day_name,/app/day/138,True,safe_no_change_required,day_number=138;phase=5;is_extension_day=False,KEEP,Day 138: The Two-Minute Rule
daily_actions:291f1f49-9097-4a03-86ee-2af652898b92#action_title,database,public.daily_actions,action_title,/app/day/138,True,safe_no_change_required,day_number=138;phase=5;is_extension_day=False,KEEP,Day 138 — The Two-Minute Rule
daily_actions:291f1f49-9097-4a03-86ee-2af652898b92#action_description,database,public.daily_actions,action_description,/app/day/138,True,safe_no_change_required,day_number=138;phase=5;is_extension_day=False,KEEP,"Whatever you're avoiding today, do the first two minutes of it. Starting is the whole battle."
daily_actions:291f1f49-9097-4a03-86ee-2af652898b92#sub_tasks,database,public.daily_actions,sub_tasks,/app/day/138,True,safe_no_change_required,day_number=138;phase=5;is_extension_day=False,KEEP,"[""Do two minutes of the thing you're avoiding"", ""Log everything as usual"", ""Water target""]"
daily_actions:8dfbdf5c-ffd3-4fe3-8bde-a2fe8e015ca0#day_name,database,public.daily_actions,day_name,/app/day/139,True,safe_no_change_required,day_number=139;phase=5;is_extension_day=False,KEEP,"Day 139: Sleep Audit, Month 5"
daily_actions:8dfbdf5c-ffd3-4fe3-8bde-a2fe8e015ca0#action_title,database,public.daily_actions,action_title,/app/day/139,True,safe_no_change_required,day_number=139;phase=5;is_extension_day=False,KEEP,"Day 139 — Sleep Audit, Month 5"
daily_actions:8dfbdf5c-ffd3-4fe3-8bde-a2fe8e015ca0#action_description,database,public.daily_actions,action_description,/app/day/139,True,safe_no_change_required,day_number=139;phase=5;is_extension_day=False,KEEP,Same wake time for the next seven days. It's the strongest single lever on tomorrow's fasting number.
daily_actions:8dfbdf5c-ffd3-4fe3-8bde-a2fe8e015ca0#sub_tasks,database,public.daily_actions,sub_tasks,/app/day/139,True,safe_no_change_required,day_number=139;phase=5;is_extension_day=False,KEEP,"[""Set one wake time for the week"", ""Screens off 30 minutes before bed"", ""Walks or workout""]"
daily_actions:05b0a5ce-7287-4ce6-947d-9fed9d39cff0#day_name,database,public.daily_actions,day_name,/app/day/140,True,safe_no_change_required,day_number=140;phase=5;is_extension_day=False,KEEP,Day 140: Twenty Weeks
daily_actions:05b0a5ce-7287-4ce6-947d-9fed9d39cff0#action_title,database,public.daily_actions,action_title,/app/day/140,True,safe_no_change_required,day_number=140;phase=5;is_extension_day=False,KEEP,Day 140 — Twenty Weeks
daily_actions:05b0a5ce-7287-4ce6-947d-9fed9d39cff0#action_description,database,public.daily_actions,action_description,/app/day/140,True,safe_no_change_required,day_number=140;phase=5;is_extension_day=False,KEEP,Check your trends. Twenty weeks of decisions is not a diet — it's a life that changed shape.
daily_actions:05b0a5ce-7287-4ce6-947d-9fed9d39cff0#sub_tasks,database,public.daily_actions,sub_tasks,/app/day/140,True,safe_no_change_required,day_number=140;phase=5;is_extension_day=False,KEEP,"[""Review your Progress trends"", ""Write one line about what's easier now"", ""All rings""]"
daily_actions:79c43b75-0ad5-4537-bcfb-fd2b1bfe31c4#day_name,database,public.daily_actions,day_name,/app/day/141,True,safe_no_change_required,day_number=141;phase=5;is_extension_day=False,KEEP,Day 141: The Meal Plan Refresh
daily_actions:79c43b75-0ad5-4537-bcfb-fd2b1bfe31c4#action_title,database,public.daily_actions,action_title,/app/day/141,True,safe_no_change_required,day_number=141;phase=5;is_extension_day=False,KEEP,Day 141 — The Meal Plan Refresh
daily_actions:79c43b75-0ad5-4537-bcfb-fd2b1bfe31c4#action_description,database,public.daily_actions,action_description,/app/day/141,True,safe_no_change_required,day_number=141;phase=5;is_extension_day=False,KEEP,"If your plan has gone stale, regenerate it in Settings. Fresh meals you'll actually cook beat perfect meals you won't."
daily_actions:79c43b75-0ad5-4537-bcfb-fd2b1bfe31c4#sub_tasks,database,public.daily_actions,sub_tasks,/app/day/141,True,safe_no_change_required,day_number=141;phase=5;is_extension_day=False,KEEP,"[""Review your current week in Meals"", ""Regenerate if it's gone stale"", ""Water target""]"
daily_actions:1e51f2a3-40b0-4fcf-9672-0a6a361d266d#day_name,database,public.daily_actions,day_name,/app/day/142,True,safe_no_change_required,day_number=142;phase=5;is_extension_day=False,KEEP,"Day 142: Cook Once, Eat Twice"
daily_actions:1e51f2a3-40b0-4fcf-9672-0a6a361d266d#action_title,database,public.daily_actions,action_title,/app/day/142,True,safe_no_change_required,day_number=142;phase=5;is_extension_day=False,KEEP,"Day 142 — Cook Once, Eat Twice"
daily_actions:1e51f2a3-40b0-4fcf-9672-0a6a361d266d#action_description,database,public.daily_actions,action_description,/app/day/142,True,safe_no_change_required,day_number=142;phase=5;is_extension_day=False,KEEP,Make enough of one protein tonight to use it two ways tomorrow. Repetition is what makes this affordable and fast.
daily_actions:1e51f2a3-40b0-4fcf-9672-0a6a361d266d#sub_tasks,database,public.daily_actions,sub_tasks,/app/day/142,True,safe_no_change_required,day_number=142;phase=5;is_extension_day=False,KEEP,"[""Cook one protein in a double batch"", ""Plan tomorrow's second use"", ""All rings""]"
daily_actions:d0ae92e1-5483-47a6-83bd-ecf7d963c46f#day_name,database,public.daily_actions,day_name,/app/day/143,True,safe_no_change_required,day_number=143;phase=5;is_extension_day=False,KEEP,Day 143: Movement Snacks
daily_actions:d0ae92e1-5483-47a6-83bd-ecf7d963c46f#action_title,database,public.daily_actions,action_title,/app/day/143,True,safe_no_change_required,day_number=143;phase=5;is_extension_day=False,KEEP,Day 143 — Movement Snacks
daily_actions:d0ae92e1-5483-47a6-83bd-ecf7d963c46f#action_description,database,public.daily_actions,action_description,/app/day/143,True,safe_no_change_required,day_number=143;phase=5;is_extension_day=False,KEEP,Break every hour of sitting with two minutes of movement. It improves glucose disposal beyond your walks.
daily_actions:d0ae92e1-5483-47a6-83bd-ecf7d963c46f#sub_tasks,database,public.daily_actions,sub_tasks,/app/day/143,True,safe_no_change_required,day_number=143;phase=5;is_extension_day=False,KEEP,"[""Move two minutes every waking hour"", ""Walks or workout per schedule"", ""Mindset card""]"
daily_actions:0797b938-efd5-473a-a7b1-4559d6aca8a8#day_name,database,public.daily_actions,day_name,/app/day/144,True,safe_no_change_required,day_number=144;phase=5;is_extension_day=False,KEEP,Day 144: The Gratitude Rep
daily_actions:0797b938-efd5-473a-a7b1-4559d6aca8a8#action_title,database,public.daily_actions,action_title,/app/day/144,True,safe_no_change_required,day_number=144;phase=5;is_extension_day=False,KEEP,Day 144 — The Gratitude Rep
daily_actions:0797b938-efd5-473a-a7b1-4559d6aca8a8#action_description,database,public.daily_actions,action_description,/app/day/144,True,safe_no_change_required,day_number=144;phase=5;is_extension_day=False,KEEP,Note three things your body does today that were harder on Day 1. Stairs count. Energy counts. Sleep counts.
daily_actions:0797b938-efd5-473a-a7b1-4559d6aca8a8#sub_tasks,database,public.daily_actions,sub_tasks,/app/day/144,True,safe_no_change_required,day_number=144;phase=5;is_extension_day=False,KEEP,"[""Write the three things"", ""All meals plate-method"", ""Water target""]"
daily_actions:ac954255-6291-4af5-8d6d-3649ecd072c7#day_name,database,public.daily_actions,day_name,/app/day/145,True,safe_no_change_required,day_number=145;phase=5;is_extension_day=False,KEEP,Day 145: The A1C Countdown Begins
daily_actions:ac954255-6291-4af5-8d6d-3649ecd072c7#action_title,database,public.daily_actions,action_title,/app/day/145,True,safe_no_change_required,day_number=145;phase=5;is_extension_day=False,KEEP,Day 145 — The A1C Countdown Begins
daily_actions:ac954255-6291-4af5-8d6d-3649ecd072c7#action_description,database,public.daily_actions,action_description,/app/day/145,True,safe_no_change_required,day_number=145;phase=5;is_extension_day=False,KEEP,Your second A1C test is 35 days out. Every day between now and then is already writing that number.
daily_actions:ac954255-6291-4af5-8d6d-3649ecd072c7#sub_tasks,database,public.daily_actions,sub_tasks,/app/day/145,True,safe_no_change_required,day_number=145;phase=5;is_extension_day=False,KEEP,"[""Book or plan your Day 180 A1C test"", ""Note the date in your calendar"", ""All rings""]"
daily_actions:b30d5f78-d436-4141-896d-39f093faeb79#day_name,database,public.daily_actions,day_name,/app/day/146,True,safe_no_change_required,day_number=146;phase=5;is_extension_day=False,KEEP,"Day 146: Protein First, Still"
daily_actions:b30d5f78-d436-4141-896d-39f093faeb79#action_title,database,public.daily_actions,action_title,/app/day/146,True,safe_no_change_required,day_number=146;phase=5;is_extension_day=False,KEEP,"Day 146 — Protein First, Still"
daily_actions:b30d5f78-d436-4141-896d-39f093faeb79#action_description,database,public.daily_actions,action_description,/app/day/146,True,safe_no_change_required,day_number=146;phase=5;is_extension_day=False,KEEP,"Whatever hits your bloodstream first sets the curve. Protein first, every meal, today."
daily_actions:b30d5f78-d436-4141-896d-39f093faeb79#sub_tasks,database,public.daily_actions,sub_tasks,/app/day/146,True,safe_no_change_required,day_number=146;phase=5;is_extension_day=False,KEEP,"[""Protein first at all 3 meals"", ""Log a post-meal reading"", ""Walks or workout""]"
daily_actions:b9585020-4a1e-4229-a150-d100d4a9e6de#day_name,database,public.daily_actions,day_name,/app/day/147,True,safe_no_change_required,day_number=147;phase=5;is_extension_day=False,KEEP,Day 147: Twenty-One Weeks
daily_actions:b9585020-4a1e-4229-a150-d100d4a9e6de#action_title,database,public.daily_actions,action_title,/app/day/147,True,safe_no_change_required,day_number=147;phase=5;is_extension_day=False,KEEP,Day 147 — Twenty-One Weeks
daily_actions:b9585020-4a1e-4229-a150-d100d4a9e6de#action_description,database,public.daily_actions,action_description,/app/day/147,True,safe_no_change_required,day_number=147;phase=5;is_extension_day=False,KEEP,"Clean execution, nothing new."
daily_actions:b9585020-4a1e-4229-a150-d100d4a9e6de#sub_tasks,database,public.daily_actions,sub_tasks,/app/day/147,True,safe_no_change_required,day_number=147;phase=5;is_extension_day=False,KEEP,"[""All four rings"", ""Water target"", ""Early night""]"
daily_actions:3d788ef5-07b9-47f1-9554-d9ccbcb24e21#day_name,database,public.daily_actions,day_name,/app/day/148,True,safe_no_change_required,day_number=148;phase=5;is_extension_day=False,KEEP,Day 148: The Social Meal
daily_actions:3d788ef5-07b9-47f1-9554-d9ccbcb24e21#action_title,database,public.daily_actions,action_title,/app/day/148,True,safe_no_change_required,day_number=148;phase=5;is_extension_day=False,KEEP,Day 148 — The Social Meal
daily_actions:3d788ef5-07b9-47f1-9554-d9ccbcb24e21#action_description,database,public.daily_actions,action_description,/app/day/148,True,safe_no_change_required,day_number=148;phase=5;is_extension_day=False,KEEP,Eating with people is not a threat to this. Practice ordering or serving yourself the plate you want without announcing it.
daily_actions:3d788ef5-07b9-47f1-9554-d9ccbcb24e21#sub_tasks,database,public.daily_actions,sub_tasks,/app/day/148,True,safe_no_change_required,day_number=148;phase=5;is_extension_day=False,KEEP,"[""One social or family meal, plate-method, no announcement"", ""Log it honestly"", ""All rings""]"
daily_actions:84f5cf6b-0410-487d-aa6e-296a4b2c5546#day_name,database,public.daily_actions,day_name,/app/day/149,True,safe_no_change_required,day_number=149;phase=5;is_extension_day=False,KEEP,Day 149: Prep for Month 5 Measurement
daily_actions:84f5cf6b-0410-487d-aa6e-296a4b2c5546#action_title,database,public.daily_actions,action_title,/app/day/149,True,safe_no_change_required,day_number=149;phase=5;is_extension_day=False,KEEP,Day 149 — Prep for Month 5 Measurement
daily_actions:84f5cf6b-0410-487d-aa6e-296a4b2c5546#action_description,database,public.daily_actions,action_description,/app/day/149,True,safe_no_change_required,day_number=149;phase=5;is_extension_day=False,KEEP,"Tomorrow is measurement day. Same time, same conditions."
daily_actions:84f5cf6b-0410-487d-aa6e-296a4b2c5546#sub_tasks,database,public.daily_actions,sub_tasks,/app/day/149,True,safe_no_change_required,day_number=149;phase=5;is_extension_day=False,KEEP,"[""Tape measure out tonight"", ""Plan the morning"", ""Early night""]"
daily_actions:1508b358-d7c7-4dce-ae4f-3aad9f2e30a5#day_name,database,public.daily_actions,day_name,/app/day/150,True,safe_no_change_required,day_number=150;phase=5;is_extension_day=False,KEEP,Day 150: Month 5 Measurement Day
daily_actions:1508b358-d7c7-4dce-ae4f-3aad9f2e30a5#action_title,database,public.daily_actions,action_title,/app/day/150,True,safe_no_change_required,day_number=150;phase=5;is_extension_day=False,KEEP,Day 150 — Month 5 Measurement Day
daily_actions:1508b358-d7c7-4dce-ae4f-3aad9f2e30a5#action_description,database,public.daily_actions,action_description,/app/day/150,True,safe_no_change_required,day_number=150;phase=5;is_extension_day=False,KEEP,"Five months of numbers. Waist, hips, chest — the same way you've done it every month."
daily_actions:1508b358-d7c7-4dce-ae4f-3aad9f2e30a5#sub_tasks,database,public.daily_actions,sub_tasks,/app/day/150,True,safe_no_change_required,day_number=150;phase=5;is_extension_day=False,KEEP,"[""Log your Month 5 measurements"", ""Compare to Day 120 — write one line"", ""Weigh in if it's your weigh day""]"
daily_actions:320b90a2-6ba7-48ea-a50f-7028b3190371#day_name,database,public.daily_actions,day_name,/app/day/151,True,safe_no_change_required,day_number=151;phase=5;is_extension_day=False,KEEP,Day 151: Compare All Five
daily_actions:320b90a2-6ba7-48ea-a50f-7028b3190371#action_title,database,public.daily_actions,action_title,/app/day/151,True,safe_no_change_required,day_number=151;phase=5;is_extension_day=False,KEEP,Day 151 — Compare All Five
daily_actions:320b90a2-6ba7-48ea-a50f-7028b3190371#action_description,database,public.daily_actions,action_description,/app/day/151,True,safe_no_change_required,day_number=151;phase=5;is_extension_day=False,KEEP,Open your measurement history and read it as a sequence. Month 1 to Month 5 is the story your scale couldn't tell.
daily_actions:320b90a2-6ba7-48ea-a50f-7028b3190371#sub_tasks,database,public.daily_actions,sub_tasks,/app/day/151,True,safe_no_change_required,day_number=151;phase=5;is_extension_day=False,KEEP,"[""Review your full measurement history"", ""Note the largest single change"", ""All rings""]"
daily_actions:9ac3b11d-faf7-4c5a-bba6-f6e4190f633a#day_name,database,public.daily_actions,day_name,/app/day/152,True,safe_no_change_required,day_number=152;phase=5;is_extension_day=False,KEEP,Day 152: The Maintenance Question
daily_actions:9ac3b11d-faf7-4c5a-bba6-f6e4190f633a#action_title,database,public.daily_actions,action_title,/app/day/152,True,safe_no_change_required,day_number=152;phase=5;is_extension_day=False,KEEP,Day 152 — The Maintenance Question
daily_actions:9ac3b11d-faf7-4c5a-bba6-f6e4190f633a#action_description,database,public.daily_actions,action_description,/app/day/152,True,safe_no_change_required,day_number=152;phase=5;is_extension_day=False,KEEP,What does this look like at Day 400? Not the intense version — the version you'd still be doing without an app reminding you.
daily_actions:9ac3b11d-faf7-4c5a-bba6-f6e4190f633a#sub_tasks,database,public.daily_actions,sub_tasks,/app/day/152,True,safe_no_change_required,day_number=152;phase=5;is_extension_day=False,KEEP,"[""Write your Day 400 version in one paragraph"", ""Save it in your notes"", ""Walks or workout""]"
daily_actions:1cb51769-8c89-41a9-8ccd-f7b0d4f455fb#day_name,database,public.daily_actions,day_name,/app/day/153,True,safe_no_change_required,day_number=153;phase=5;is_extension_day=False,KEEP,"Day 153: Water, Still"
daily_actions:1cb51769-8c89-41a9-8ccd-f7b0d4f455fb#action_title,database,public.daily_actions,action_title,/app/day/153,True,safe_no_change_required,day_number=153;phase=5;is_extension_day=False,KEEP,"Day 153 — Water, Still"
daily_actions:1cb51769-8c89-41a9-8ccd-f7b0d4f455fb#action_description,database,public.daily_actions,action_description,/app/day/153,True,safe_no_change_required,day_number=153;phase=5;is_extension_day=False,KEEP,The least glamorous habit and one of the most reliable. Hit the target cleanly today.
daily_actions:1cb51769-8c89-41a9-8ccd-f7b0d4f455fb#sub_tasks,database,public.daily_actions,sub_tasks,/app/day/153,True,safe_no_change_required,day_number=153;phase=5;is_extension_day=False,KEEP,"[""Half your water by 2 PM"", ""Full target by evening"", ""All rings""]"
daily_actions:445fbff0-0dd3-4bbb-872b-b7106eaaa051#day_name,database,public.daily_actions,day_name,/app/day/154,True,safe_no_change_required,day_number=154;phase=5;is_extension_day=False,KEEP,Day 154: Answer Two Questions
daily_actions:445fbff0-0dd3-4bbb-872b-b7106eaaa051#action_title,database,public.daily_actions,action_title,/app/day/154,True,safe_no_change_required,day_number=154;phase=5;is_extension_day=False,KEEP,Day 154 — Answer Two Questions
daily_actions:445fbff0-0dd3-4bbb-872b-b7106eaaa051#action_description,database,public.daily_actions,action_description,/app/day/154,True,safe_no_change_required,day_number=154;phase=5;is_extension_day=False,KEEP,You're five months in. Someone in the community is where you were. Answer two questions today.
daily_actions:445fbff0-0dd3-4bbb-872b-b7106eaaa051#sub_tasks,database,public.daily_actions,sub_tasks,/app/day/154,True,safe_no_change_required,day_number=154;phase=5;is_extension_day=False,KEEP,"[""Answer two questions in Ask"", ""All meals plate-method"", ""Water target""]"
daily_actions:5c93aac6-c2d1-4fec-9906-3a53ebc1e1e2#day_name,database,public.daily_actions,day_name,/app/day/155,True,safe_no_change_required,day_number=155;phase=5;is_extension_day=False,KEEP,"Day 155: The Hard Day Plan, Tested"
daily_actions:5c93aac6-c2d1-4fec-9906-3a53ebc1e1e2#action_title,database,public.daily_actions,action_title,/app/day/155,True,safe_no_change_required,day_number=155;phase=5;is_extension_day=False,KEEP,"Day 155 — The Hard Day Plan, Tested"
daily_actions:5c93aac6-c2d1-4fec-9906-3a53ebc1e1e2#action_description,database,public.daily_actions,action_description,/app/day/155,True,safe_no_change_required,day_number=155;phase=5;is_extension_day=False,KEEP,"Pull up the minimum-day plan you wrote on Day 117. Run it today, on purpose, even though today isn't hard. Now you know it works."
daily_actions:5c93aac6-c2d1-4fec-9906-3a53ebc1e1e2#sub_tasks,database,public.daily_actions,sub_tasks,/app/day/155,True,safe_no_change_required,day_number=155;phase=5;is_extension_day=False,KEEP,"[""Run your minimum day exactly as written"", ""Note whether it held"", ""Log everything""]"
daily_actions:3c52129e-06c7-4423-931a-82fabca44185#day_name,database,public.daily_actions,day_name,/app/day/156,True,safe_no_change_required,day_number=156;phase=5;is_extension_day=False,KEEP,Day 156: Twenty-Two Weeks
daily_actions:3c52129e-06c7-4423-931a-82fabca44185#action_title,database,public.daily_actions,action_title,/app/day/156,True,safe_no_change_required,day_number=156;phase=5;is_extension_day=False,KEEP,Day 156 — Twenty-Two Weeks
daily_actions:3c52129e-06c7-4423-931a-82fabca44185#action_description,database,public.daily_actions,action_description,/app/day/156,True,safe_no_change_required,day_number=156;phase=5;is_extension_day=False,KEEP,"Trends, not readings. Direction, not position."
daily_actions:3c52129e-06c7-4423-931a-82fabca44185#sub_tasks,database,public.daily_actions,sub_tasks,/app/day/156,True,safe_no_change_required,day_number=156;phase=5;is_extension_day=False,KEEP,"[""Review Progress trends"", ""All rings"", ""Mindset card""]"
daily_actions:c30fa85a-1632-4b7a-be21-3ce1c2d2dc92#day_name,database,public.daily_actions,day_name,/app/day/157,True,safe_no_change_required,day_number=157;phase=5;is_extension_day=False,KEEP,Day 157: Strength Progression
daily_actions:c30fa85a-1632-4b7a-be21-3ce1c2d2dc92#action_title,database,public.daily_actions,action_title,/app/day/157,True,safe_no_change_required,day_number=157;phase=5;is_extension_day=False,KEEP,Day 157 — Strength Progression
daily_actions:c30fa85a-1632-4b7a-be21-3ce1c2d2dc92#action_description,database,public.daily_actions,action_description,/app/day/157,True,safe_no_change_required,day_number=157;phase=5;is_extension_day=False,KEEP,"If your workouts have felt easy for two weeks, add one set or move to the next progression today."
daily_actions:c30fa85a-1632-4b7a-be21-3ce1c2d2dc92#sub_tasks,database,public.daily_actions,sub_tasks,/app/day/157,True,safe_no_change_required,day_number=157;phase=5;is_extension_day=False,KEEP,"[""Workout with one added set, or 3 walks"", ""Protein at every meal"", ""Water target""]"
daily_actions:9f5f1007-b8c2-4316-ab29-5ef14ae62ace#day_name,database,public.daily_actions,day_name,/app/day/158,True,safe_no_change_required,day_number=158;phase=5;is_extension_day=False,KEEP,Day 158: The Ingredient Economy
daily_actions:9f5f1007-b8c2-4316-ab29-5ef14ae62ace#action_title,database,public.daily_actions,action_title,/app/day/158,True,safe_no_change_required,day_number=158;phase=5;is_extension_day=False,KEEP,Day 158 — The Ingredient Economy
daily_actions:9f5f1007-b8c2-4316-ab29-5ef14ae62ace#action_description,database,public.daily_actions,action_description,/app/day/158,True,safe_no_change_required,day_number=158;phase=5;is_extension_day=False,KEEP,"Look at this week's shopping list. Are ingredients repeating across meals? If not, tighten it — waste is the reason good plans get abandoned."
daily_actions:9f5f1007-b8c2-4316-ab29-5ef14ae62ace#sub_tasks,database,public.daily_actions,sub_tasks,/app/day/158,True,safe_no_change_required,day_number=158;phase=5;is_extension_day=False,KEEP,"[""Review your shopping list for repeats"", ""Note two ingredients to build around"", ""All rings""]"
daily_actions:08d974e2-0000-4003-af7d-58cf87ff632c#day_name,database,public.daily_actions,day_name,/app/day/159,True,safe_no_change_required,day_number=159;phase=5;is_extension_day=False,KEEP,Day 159: Sleep and the Fasting Number
daily_actions:08d974e2-0000-4003-af7d-58cf87ff632c#action_title,database,public.daily_actions,action_title,/app/day/159,True,safe_no_change_required,day_number=159;phase=5;is_extension_day=False,KEEP,Day 159 — Sleep and the Fasting Number
daily_actions:08d974e2-0000-4003-af7d-58cf87ff632c#action_description,database,public.daily_actions,action_description,/app/day/159,True,safe_no_change_required,day_number=159;phase=5;is_extension_day=False,KEEP,"Tonight is a perfect-sleep rehearsal. Cool room, no screens 30 minutes out, same wake time."
daily_actions:08d974e2-0000-4003-af7d-58cf87ff632c#sub_tasks,database,public.daily_actions,sub_tasks,/app/day/159,True,safe_no_change_required,day_number=159;phase=5;is_extension_day=False,KEEP,"[""Execute the sleep protocol"", ""Compare tomorrow's fasting reading"", ""Walks or workout""]"
daily_actions:f6f762ce-7efc-416c-bf20-750242783f94#day_name,database,public.daily_actions,day_name,/app/day/160,True,safe_no_change_required,day_number=160;phase=5;is_extension_day=False,KEEP,Day 160: One Hundred and Sixty
daily_actions:f6f762ce-7efc-416c-bf20-750242783f94#action_title,database,public.daily_actions,action_title,/app/day/160,True,safe_no_change_required,day_number=160;phase=5;is_extension_day=False,KEEP,Day 160 — One Hundred and Sixty
daily_actions:f6f762ce-7efc-416c-bf20-750242783f94#action_description,database,public.daily_actions,action_description,/app/day/160,True,safe_no_change_required,day_number=160;phase=5;is_extension_day=False,KEEP,Twenty days to your second A1C. Hold the line — no experiments this close to a test.
daily_actions:f6f762ce-7efc-416c-bf20-750242783f94#sub_tasks,database,public.daily_actions,sub_tasks,/app/day/160,True,safe_no_change_required,day_number=160;phase=5;is_extension_day=False,KEEP,"[""All four rings closed"", ""3 plate-method meals"", ""Water target""]"
daily_actions:8567832b-8063-48d1-b136-b5aa6b0b342b#day_name,database,public.daily_actions,day_name,/app/day/161,True,safe_no_change_required,day_number=161;phase=5;is_extension_day=False,KEEP,Day 161: The Doctor Prep
daily_actions:8567832b-8063-48d1-b136-b5aa6b0b342b#action_title,database,public.daily_actions,action_title,/app/day/161,True,safe_no_change_required,day_number=161;phase=5;is_extension_day=False,KEEP,Day 161 — The Doctor Prep
daily_actions:8567832b-8063-48d1-b136-b5aa6b0b342b#action_description,database,public.daily_actions,action_description,/app/day/161,True,safe_no_change_required,day_number=161;phase=5;is_extension_day=False,KEEP,"Your Day 180 appointment matters more than the last one, because now there's a trend rather than a single point."
daily_actions:8567832b-8063-48d1-b136-b5aa6b0b342b#sub_tasks,database,public.daily_actions,sub_tasks,/app/day/161,True,safe_no_change_required,day_number=161;phase=5;is_extension_day=False,KEEP,"[""Confirm your appointment date"", ""Print your 90-day Progress report"", ""All rings""]"
daily_actions:7b003059-6f9c-47f0-9278-0d8093c1ed0e#day_name,database,public.daily_actions,day_name,/app/day/162,True,safe_no_change_required,day_number=162;phase=5;is_extension_day=False,KEEP,Day 162: Write Your Three Questions
daily_actions:7b003059-6f9c-47f0-9278-0d8093c1ed0e#action_title,database,public.daily_actions,action_title,/app/day/162,True,safe_no_change_required,day_number=162;phase=5;is_extension_day=False,KEEP,Day 162 — Write Your Three Questions
daily_actions:7b003059-6f9c-47f0-9278-0d8093c1ed0e#action_description,database,public.daily_actions,action_description,/app/day/162,True,safe_no_change_required,day_number=162;phase=5;is_extension_day=False,KEEP,Bring better questions and you'll get better care. Write them today while you're thinking clearly.
daily_actions:7b003059-6f9c-47f0-9278-0d8093c1ed0e#sub_tasks,database,public.daily_actions,sub_tasks,/app/day/162,True,safe_no_change_required,day_number=162;phase=5;is_extension_day=False,KEEP,"[""Write three questions for your doctor"", ""Add them to your phone"", ""Walks or workout""]"
daily_actions:8fc7e60b-5f03-4c16-ae92-37988a97c67b#day_name,database,public.daily_actions,day_name,/app/day/163,True,safe_no_change_required,day_number=163;phase=5;is_extension_day=False,KEEP,Day 163: Twenty-Three Weeks
daily_actions:8fc7e60b-5f03-4c16-ae92-37988a97c67b#action_title,database,public.daily_actions,action_title,/app/day/163,True,safe_no_change_required,day_number=163;phase=5;is_extension_day=False,KEEP,Day 163 — Twenty-Three Weeks
daily_actions:8fc7e60b-5f03-4c16-ae92-37988a97c67b#action_description,database,public.daily_actions,action_description,/app/day/163,True,safe_no_change_required,day_number=163;phase=5;is_extension_day=False,KEEP,Nothing new. Execute.
daily_actions:8fc7e60b-5f03-4c16-ae92-37988a97c67b#sub_tasks,database,public.daily_actions,sub_tasks,/app/day/163,True,safe_no_change_required,day_number=163;phase=5;is_extension_day=False,KEEP,"[""All rings"", ""Water target"", ""Mindset card""]"
daily_actions:bb591354-3f71-4833-bb87-33dd5b3655cd#day_name,database,public.daily_actions,day_name,/app/day/164,True,safe_no_change_required,day_number=164;phase=5;is_extension_day=False,KEEP,Day 164: The Meal You'll Eat Forever
daily_actions:bb591354-3f71-4833-bb87-33dd5b3655cd#action_title,database,public.daily_actions,action_title,/app/day/164,True,safe_no_change_required,day_number=164;phase=5;is_extension_day=False,KEEP,Day 164 — The Meal You'll Eat Forever
daily_actions:bb591354-3f71-4833-bb87-33dd5b3655cd#action_description,database,public.daily_actions,action_description,/app/day/164,True,safe_no_change_required,day_number=164;phase=5;is_extension_day=False,KEEP,Which single meal from these six months will still be in your rotation in five years? Cook it today.
daily_actions:bb591354-3f71-4833-bb87-33dd5b3655cd#sub_tasks,database,public.daily_actions,sub_tasks,/app/day/164,True,safe_no_change_required,day_number=164;phase=5;is_extension_day=False,KEEP,"[""Cook your forever meal"", ""Log it"", ""All rings""]"
daily_actions:8eaad218-1601-404a-9a9b-1261e9b5ab6f#day_name,database,public.daily_actions,day_name,/app/day/165,True,safe_no_change_required,day_number=165;phase=5;is_extension_day=False,KEEP,Day 165: Walk Streak Guard
daily_actions:8eaad218-1601-404a-9a9b-1261e9b5ab6f#action_title,database,public.daily_actions,action_title,/app/day/165,True,safe_no_change_required,day_number=165;phase=5;is_extension_day=False,KEEP,Day 165 — Walk Streak Guard
daily_actions:8eaad218-1601-404a-9a9b-1261e9b5ab6f#action_description,database,public.daily_actions,action_description,/app/day/165,True,safe_no_change_required,day_number=165;phase=5;is_extension_day=False,KEEP,"All walks, every day, through the test. It's the highest-leverage habit you own."
daily_actions:8eaad218-1601-404a-9a9b-1261e9b5ab6f#sub_tasks,database,public.daily_actions,sub_tasks,/app/day/165,True,safe_no_change_required,day_number=165;phase=5;is_extension_day=False,KEEP,"[""All walks or workout complete"", ""Protein first at all meals"", ""Log a post-meal reading""]"
daily_actions:4d42d669-e168-4093-a69d-1812354e48bf#day_name,database,public.daily_actions,day_name,/app/day/166,True,safe_no_change_required,day_number=166;phase=5;is_extension_day=False,KEEP,Day 166: Movement Before the First Meal
daily_actions:4d42d669-e168-4093-a69d-1812354e48bf#action_title,database,public.daily_actions,action_title,/app/day/166,True,safe_no_change_required,day_number=166;phase=5;is_extension_day=False,KEEP,Day 166 — Movement Before the First Meal
daily_actions:4d42d669-e168-4093-a69d-1812354e48bf#action_description,database,public.daily_actions,action_description,/app/day/166,True,safe_no_change_required,day_number=166;phase=5;is_extension_day=False,KEEP,Try the pre-breakfast walk again. Compare today's post-breakfast reading to your average.
daily_actions:4d42d669-e168-4093-a69d-1812354e48bf#sub_tasks,database,public.daily_actions,sub_tasks,/app/day/166,True,safe_no_change_required,day_number=166;phase=5;is_extension_day=False,KEEP,"[""Walk 10 minutes before breakfast"", ""Log a post-breakfast reading"", ""All rings""]"
daily_actions:71063a6d-3258-47aa-b80f-0428b5d6c228#day_name,database,public.daily_actions,day_name,/app/day/167,True,safe_no_change_required,day_number=167;phase=5;is_extension_day=False,KEEP,Day 167: The Community Wall
daily_actions:71063a6d-3258-47aa-b80f-0428b5d6c228#action_title,database,public.daily_actions,action_title,/app/day/167,True,safe_no_change_required,day_number=167;phase=5;is_extension_day=False,KEEP,Day 167 — The Community Wall
daily_actions:71063a6d-3258-47aa-b80f-0428b5d6c228#action_description,database,public.daily_actions,action_description,/app/day/167,True,safe_no_change_required,day_number=167;phase=5;is_extension_day=False,KEEP,Read the wins wall. Six months ago some of those people were where you started.
daily_actions:71063a6d-3258-47aa-b80f-0428b5d6c228#sub_tasks,database,public.daily_actions,sub_tasks,/app/day/167,True,safe_no_change_required,day_number=167;phase=5;is_extension_day=False,KEEP,"[""Read the wins in Ask"", ""React to two of them"", ""Water target""]"
daily_actions:0db07f25-a83d-4e8b-8595-a8cd8a8b35b6#day_name,database,public.daily_actions,day_name,/app/day/168,True,safe_no_change_required,day_number=168;phase=5;is_extension_day=False,KEEP,Day 168: Twenty-Four Weeks
daily_actions:0db07f25-a83d-4e8b-8595-a8cd8a8b35b6#action_title,database,public.daily_actions,action_title,/app/day/168,True,safe_no_change_required,day_number=168;phase=5;is_extension_day=False,KEEP,Day 168 — Twenty-Four Weeks
daily_actions:0db07f25-a83d-4e8b-8595-a8cd8a8b35b6#action_description,database,public.daily_actions,action_description,/app/day/168,True,safe_no_change_required,day_number=168;phase=5;is_extension_day=False,KEEP,Six months of weeks. Rest well tonight.
daily_actions:0db07f25-a83d-4e8b-8595-a8cd8a8b35b6#sub_tasks,database,public.daily_actions,sub_tasks,/app/day/168,True,safe_no_change_required,day_number=168;phase=5;is_extension_day=False,KEEP,"[""All rings closed"", ""Early night"", ""One line: the biggest change since Day 1""]"
daily_actions:4c8f922e-5d1b-4faa-9e7d-ce5f207e7dd5#day_name,database,public.daily_actions,day_name,/app/day/169,True,safe_no_change_required,day_number=169;phase=5;is_extension_day=False,KEEP,Day 169: Steady State
daily_actions:4c8f922e-5d1b-4faa-9e7d-ce5f207e7dd5#action_title,database,public.daily_actions,action_title,/app/day/169,True,safe_no_change_required,day_number=169;phase=5;is_extension_day=False,KEEP,Day 169 — Steady State
daily_actions:4c8f922e-5d1b-4faa-9e7d-ce5f207e7dd5#action_description,database,public.daily_actions,action_description,/app/day/169,True,safe_no_change_required,day_number=169;phase=5;is_extension_day=False,KEEP,"Repeat a proven day. Same meals, same walks, same sleep."
daily_actions:4c8f922e-5d1b-4faa-9e7d-ce5f207e7dd5#sub_tasks,database,public.daily_actions,sub_tasks,/app/day/169,True,safe_no_change_required,day_number=169;phase=5;is_extension_day=False,KEEP,"[""Repeat a day from your best week"", ""All rings"", ""Water target""]"
daily_actions:19de3fa4-b8bc-4826-84f7-a84333049162#day_name,database,public.daily_actions,day_name,/app/day/170,True,safe_no_change_required,day_number=170;phase=5;is_extension_day=False,KEEP,Day 170: Ten Days Out
daily_actions:19de3fa4-b8bc-4826-84f7-a84333049162#action_title,database,public.daily_actions,action_title,/app/day/170,True,safe_no_change_required,day_number=170;phase=5;is_extension_day=False,KEEP,Day 170 — Ten Days Out
daily_actions:19de3fa4-b8bc-4826-84f7-a84333049162#action_description,database,public.daily_actions,action_description,/app/day/170,True,safe_no_change_required,day_number=170;phase=5;is_extension_day=False,KEEP,"Ten days. A1C can't be crammed for — it can only be earned, and you've been earning it for 170 days."
daily_actions:19de3fa4-b8bc-4826-84f7-a84333049162#sub_tasks,database,public.daily_actions,sub_tasks,/app/day/170,True,safe_no_change_required,day_number=170;phase=5;is_extension_day=False,KEEP,"[""All four rings"", ""Confirm your test plan"", ""Mindset card""]"
daily_actions:4f2458fa-6095-4238-94c0-c552912bd21d#day_name,database,public.daily_actions,day_name,/app/day/171,True,safe_no_change_required,day_number=171;phase=5;is_extension_day=False,KEEP,Day 171: The Night-Before Rehearsal
daily_actions:4f2458fa-6095-4238-94c0-c552912bd21d#action_title,database,public.daily_actions,action_title,/app/day/171,True,safe_no_change_required,day_number=171;phase=5;is_extension_day=False,KEEP,Day 171 — The Night-Before Rehearsal
daily_actions:4f2458fa-6095-4238-94c0-c552912bd21d#action_description,database,public.daily_actions,action_description,/app/day/171,True,safe_no_change_required,day_number=171;phase=5;is_extension_day=False,KEEP,"Practice the night before your test: textbook plate at dinner, dinner walk, real sleep."
daily_actions:4f2458fa-6095-4238-94c0-c552912bd21d#sub_tasks,database,public.daily_actions,sub_tasks,/app/day/171,True,safe_no_change_required,day_number=171;phase=5;is_extension_day=False,KEEP,"[""Textbook plate-method dinner"", ""Dinner walk"", ""Sleep protocol tonight""]"
daily_actions:b84a9c16-e1ce-467a-91c2-eaa6022bb2fb#day_name,database,public.daily_actions,day_name,/app/day/172,True,safe_no_change_required,day_number=172;phase=5;is_extension_day=False,KEEP,Day 172: What You'll Say
daily_actions:b84a9c16-e1ce-467a-91c2-eaa6022bb2fb#action_title,database,public.daily_actions,action_title,/app/day/172,True,safe_no_change_required,day_number=172;phase=5;is_extension_day=False,KEEP,Day 172 — What You'll Say
daily_actions:b84a9c16-e1ce-467a-91c2-eaa6022bb2fb#action_description,database,public.daily_actions,action_description,/app/day/172,True,safe_no_change_required,day_number=172;phase=5;is_extension_day=False,KEEP,"If the number is good, what will you say to yourself? If it isn't, what will you say then? Decide now, while it's still abstract."
daily_actions:b84a9c16-e1ce-467a-91c2-eaa6022bb2fb#sub_tasks,database,public.daily_actions,sub_tasks,/app/day/172,True,safe_no_change_required,day_number=172;phase=5;is_extension_day=False,KEEP,"[""Write both sentences"", ""All rings"", ""Water target""]"
daily_actions:f485af94-63bc-4873-bde1-770329f2c613#day_name,database,public.daily_actions,day_name,/app/day/173,True,safe_no_change_required,day_number=173;phase=5;is_extension_day=False,KEEP,Day 173: Boring on Purpose
daily_actions:f485af94-63bc-4873-bde1-770329f2c613#action_title,database,public.daily_actions,action_title,/app/day/173,True,safe_no_change_required,day_number=173;phase=5;is_extension_day=False,KEEP,Day 173 — Boring on Purpose
daily_actions:f485af94-63bc-4873-bde1-770329f2c613#action_description,database,public.daily_actions,action_description,/app/day/173,True,safe_no_change_required,day_number=173;phase=5;is_extension_day=False,KEEP,No changes. Boring is the strategy this week.
daily_actions:f485af94-63bc-4873-bde1-770329f2c613#sub_tasks,database,public.daily_actions,sub_tasks,/app/day/173,True,safe_no_change_required,day_number=173;phase=5;is_extension_day=False,KEEP,"[""3 plate-method meals"", ""Walks or workout"", ""Water target""]"
daily_actions:61e23d37-614f-47c0-8790-f40f054bfeaf#day_name,database,public.daily_actions,day_name,/app/day/174,True,safe_no_change_required,day_number=174;phase=5;is_extension_day=False,KEEP,Day 174: The Data Package
daily_actions:61e23d37-614f-47c0-8790-f40f054bfeaf#action_title,database,public.daily_actions,action_title,/app/day/174,True,safe_no_change_required,day_number=174;phase=5;is_extension_day=False,KEEP,Day 174 — The Data Package
daily_actions:61e23d37-614f-47c0-8790-f40f054bfeaf#action_description,database,public.daily_actions,action_description,/app/day/174,True,safe_no_change_required,day_number=174;phase=5;is_extension_day=False,KEEP,Generate your doctor report and read it yourself first. Walk in knowing your story better than anyone.
daily_actions:61e23d37-614f-47c0-8790-f40f054bfeaf#sub_tasks,database,public.daily_actions,sub_tasks,/app/day/174,True,safe_no_change_required,day_number=174;phase=5;is_extension_day=False,KEEP,"[""Open Progress → Print report for my doctor"", ""Review your 180-day trends"", ""All rings""]"
daily_actions:f75bfa2c-4c14-4636-ae81-5beeadb49e71#day_name,database,public.daily_actions,day_name,/app/day/175,True,safe_no_change_required,day_number=175;phase=5;is_extension_day=False,KEEP,Day 175: Five Days
daily_actions:f75bfa2c-4c14-4636-ae81-5beeadb49e71#action_title,database,public.daily_actions,action_title,/app/day/175,True,safe_no_change_required,day_number=175;phase=5;is_extension_day=False,KEEP,Day 175 — Five Days
daily_actions:f75bfa2c-4c14-4636-ae81-5beeadb49e71#action_description,database,public.daily_actions,action_description,/app/day/175,True,safe_no_change_required,day_number=175;phase=5;is_extension_day=False,KEEP,"Hold the line. Nothing new, nothing dropped."
daily_actions:f75bfa2c-4c14-4636-ae81-5beeadb49e71#sub_tasks,database,public.daily_actions,sub_tasks,/app/day/175,True,safe_no_change_required,day_number=175;phase=5;is_extension_day=False,KEEP,"[""All four rings closed"", ""Water target"", ""Early night""]"
daily_actions:169ca256-2f15-48f8-b3b0-618eff278c42#day_name,database,public.daily_actions,day_name,/app/day/176,True,safe_no_change_required,day_number=176;phase=5;is_extension_day=False,KEEP,Day 176: The Habit Inventory
daily_actions:169ca256-2f15-48f8-b3b0-618eff278c42#action_title,database,public.daily_actions,action_title,/app/day/176,True,safe_no_change_required,day_number=176;phase=5;is_extension_day=False,KEEP,Day 176 — The Habit Inventory
daily_actions:169ca256-2f15-48f8-b3b0-618eff278c42#action_description,database,public.daily_actions,action_description,/app/day/176,True,safe_no_change_required,day_number=176;phase=5;is_extension_day=False,KEEP,"List every habit you now do without thinking. That list is what six months bought you, regardless of what the lab says."
daily_actions:169ca256-2f15-48f8-b3b0-618eff278c42#sub_tasks,database,public.daily_actions,sub_tasks,/app/day/176,True,safe_no_change_required,day_number=176;phase=5;is_extension_day=False,KEEP,"[""Write the list"", ""Mindset card"", ""All rings""]"
daily_actions:6403e20e-2b27-400d-b0a3-c49a48a4739d#day_name,database,public.daily_actions,day_name,/app/day/177,True,safe_no_change_required,day_number=177;phase=5;is_extension_day=False,KEEP,Day 177: Three Days
daily_actions:6403e20e-2b27-400d-b0a3-c49a48a4739d#action_title,database,public.daily_actions,action_title,/app/day/177,True,safe_no_change_required,day_number=177;phase=5;is_extension_day=False,KEEP,Day 177 — Three Days
daily_actions:6403e20e-2b27-400d-b0a3-c49a48a4739d#action_description,database,public.daily_actions,action_description,/app/day/177,True,safe_no_change_required,day_number=177;phase=5;is_extension_day=False,KEEP,"Almost. Sleep well, eat clean, walk after dinner."
daily_actions:6403e20e-2b27-400d-b0a3-c49a48a4739d#sub_tasks,database,public.daily_actions,sub_tasks,/app/day/177,True,safe_no_change_required,day_number=177;phase=5;is_extension_day=False,KEEP,"[""All rings"", ""Sleep protocol tonight"", ""Water target""]"
daily_actions:65460290-9265-4c9c-87f5-084bf4edca0e#day_name,database,public.daily_actions,day_name,/app/day/178,True,safe_no_change_required,day_number=178;phase=5;is_extension_day=False,KEEP,Day 178: Two Days
daily_actions:65460290-9265-4c9c-87f5-084bf4edca0e#action_title,database,public.daily_actions,action_title,/app/day/178,True,safe_no_change_required,day_number=178;phase=5;is_extension_day=False,KEEP,Day 178 — Two Days
daily_actions:65460290-9265-4c9c-87f5-084bf4edca0e#action_description,database,public.daily_actions,action_description,/app/day/178,True,safe_no_change_required,day_number=178;phase=5;is_extension_day=False,KEEP,"Whatever the number says, the trajectory changed 178 days ago. That's the part no lab measures."
daily_actions:65460290-9265-4c9c-87f5-084bf4edca0e#sub_tasks,database,public.daily_actions,sub_tasks,/app/day/178,True,safe_no_change_required,day_number=178;phase=5;is_extension_day=False,KEEP,"[""All rings closed"", ""Confirm tomorrow and Day 180"", ""Early night""]"
daily_actions:77aa17cf-9627-4dab-a67c-54051778ed54#day_name,database,public.daily_actions,day_name,/app/day/179,True,safe_no_change_required,day_number=179;phase=5;is_extension_day=False,KEEP,Day 179: Eve
daily_actions:77aa17cf-9627-4dab-a67c-54051778ed54#action_title,database,public.daily_actions,action_title,/app/day/179,True,safe_no_change_required,day_number=179;phase=5;is_extension_day=False,KEEP,Day 179 — Eve
daily_actions:77aa17cf-9627-4dab-a67c-54051778ed54#action_description,database,public.daily_actions,action_description,/app/day/179,True,safe_no_change_required,day_number=179;phase=5;is_extension_day=False,KEEP,"Tomorrow closes the program. Tonight, do exactly what you've done a hundred times."
daily_actions:77aa17cf-9627-4dab-a67c-54051778ed54#sub_tasks,database,public.daily_actions,sub_tasks,/app/day/179,True,safe_no_change_required,day_number=179;phase=5;is_extension_day=False,KEEP,"[""All rings closed"", ""Prepare for tomorrow's test and measurement"", ""Early night""]"
daily_actions:2ffd2a1f-d490-458f-a10b-410386383c00#day_name,database,public.daily_actions,day_name,/app/day/180,True,reversal_cure,day_number=180;phase=5;is_extension_day=False,CLINICIAN REVIEW REQUIRED,Day 180: Level 6: The Reclaimer
daily_actions:2ffd2a1f-d490-458f-a10b-410386383c00#action_title,database,public.daily_actions,action_title,/app/day/180,True,reversal_cure,day_number=180;phase=5;is_extension_day=False,CLINICIAN REVIEW REQUIRED,Day 180 — Level 6: The Reclaimer
daily_actions:2ffd2a1f-d490-458f-a10b-410386383c00#action_description,database,public.daily_actions,action_description,/app/day/180,True,safe_no_change_required,day_number=180;phase=5;is_extension_day=False,KEEP,"One hundred and eighty days. Get your A1C drawn this week, log your Month 6 measurements, and enter the result when you have it. Then come tell the community — someone on Day 3 needs to see what Day 180 looks like. The program ends here. What you built doesn't."
daily_actions:2ffd2a1f-d490-458f-a10b-410386383c00#sub_tasks,database,public.daily_actions,sub_tasks,/app/day/180,True,safe_no_change_required,day_number=180;phase=5;is_extension_day=False,KEEP,"[""A1C test done or scheduled this week"", ""Log Month 6 measurements"", ""Enter your A1C in Progress and share the moment in Ask → Wins""]"
content_items:f4b8feec-76a0-4901-9cd2-3f9fd969ed2b#title,admin editable,public.content_items,title,/app/library,True,safe_no_change_required,type=article;slug=reading-nutrition-labels;day_unlock=6,KEEP,How to Read a Nutrition Label in 10 Seconds
content_items:f4b8feec-76a0-4901-9cd2-3f9fd969ed2b#summary,admin editable,public.content_items,summary,/app/library,True,safe_no_change_required,type=article;slug=reading-nutrition-labels;day_unlock=6,KEEP,The 3 numbers that matter for blood sugar. Skip the rest.
content_items:818424c0-c00d-4a28-a07e-f8844896e83c#title,admin editable,public.content_items,title,/app/library,True,diagnostic_label,type=article;slug=sick-day-rules;day_unlock=6,CLINICIAN REVIEW REQUIRED,Sick-Day Rules for Diabetics
content_items:818424c0-c00d-4a28-a07e-f8844896e83c#summary,admin editable,public.content_items,summary,/app/library,True,safe_no_change_required,type=article;slug=sick-day-rules;day_unlock=6,KEEP,"What to do when you are ill — hydration, glucose, when to call your doctor."
content_items:d245f1d1-73aa-4944-9285-359c3c4ce351#title,admin editable,public.content_items,title,/app/library,True,safe_no_change_required,type=article;slug=meds-conversation-script;day_unlock=6,KEEP,Talking to Your Doctor About Medication
content_items:d245f1d1-73aa-4944-9285-359c3c4ce351#summary,admin editable,public.content_items,summary,/app/library,True,safe_no_change_required,type=article;slug=meds-conversation-script;day_unlock=6,KEEP,A word-for-word script for asking about dose reductions as your numbers improve.
content_items:6c622229-64e6-4903-9c39-e598cfedc762#title,admin editable,public.content_items,title,/app/learn,True,safe_no_change_required,type=blog;slug=blog-food-order-study;day_unlock=0,KEEP,Eat This Before That: The Food-Order Study
content_items:6c622229-64e6-4903-9c39-e598cfedc762#summary,admin editable,public.content_items,summary,/app/learn,True,safe_no_change_required,type=blog;slug=blog-food-order-study;day_unlock=0,KEEP,"Weill Cornell researchers found eating protein and vegetables before carbohydrates cut post-meal glucose by up to 37% — same food, different order. The science behind your 'protein first' days."
content_items:040cda80-19d4-4fb2-8cbf-a880a36e6bd2#title,admin editable,public.content_items,title,/app/learn,True,safe_no_change_required,type=blog;slug=blog-cdc-10-blood-sugar-spikes;day_unlock=0,KEEP,10 Surprising Things That Spike Blood Sugar
content_items:040cda80-19d4-4fb2-8cbf-a880a36e6bd2#summary,admin editable,public.content_items,summary,/app/learn,True,safe_no_change_required,type=blog;slug=blog-cdc-10-blood-sugar-spikes;day_unlock=0,KEEP,"The CDC on the non-food triggers — dehydration, poor sleep, stress, sunburn and more — that quietly move your numbers."
content_items:9de05eda-ecd5-4b10-8660-131a4739d72a#title,admin editable,public.content_items,title,/app/learn,True,safe_no_change_required,type=blog;slug=blog-strength-training-diabetes;day_unlock=0,KEEP,Why Strength Training Is Blood Sugar Medicine
content_items:9de05eda-ecd5-4b10-8660-131a4739d72a#summary,admin editable,public.content_items,summary,/app/learn,True,insulin_sensitivity_claim,type=blog;slug=blog-strength-training-diabetes;day_unlock=0,CLINICIAN REVIEW REQUIRED,DiaTribe on how resistance work builds glucose-hungry muscle tissue and improves insulin sensitivity — the science behind your workout days.
content_items:78d0e206-115a-4307-a11e-cfeecfbb136e#title,admin editable,public.content_items,title,/app/learn,True,safe_no_change_required,type=blog;slug=blog-stress-and-blood-sugar;day_unlock=0,KEEP,Stress Raises Blood Sugar — Even Without Food
content_items:78d0e206-115a-4307-a11e-cfeecfbb136e#summary,admin editable,public.content_items,summary,/app/learn,True,safe_no_change_required,type=blog;slug=blog-stress-and-blood-sugar;day_unlock=0,KEEP,"Cleveland Clinic explains how stress hormones drive glucose up on their own, and why managing stress is a real lever on diabetes."
content_items:a45a6cef-02ef-4345-a895-3bc1b946289a#title,admin editable,public.content_items,title,/app/learn,True,safe_no_change_required,type=blog;slug=blog-choosing-diabetes-apps;day_unlock=0,KEEP,Choosing Diabetes Apps and Tools Wisely
content_items:a45a6cef-02ef-4345-a895-3bc1b946289a#summary,admin editable,public.content_items,summary,/app/learn,True,safe_no_change_required,type=blog;slug=blog-choosing-diabetes-apps;day_unlock=0,KEEP,A university extension guide to what smartphone tools genuinely help with diabetes self-management — and what to look for before trusting any app with your health.
content_items:e4a044ce-9872-4d05-920d-03fdd47eb1b7#title,admin editable,public.content_items,title,/app/learn,True,safe_no_change_required,type=blog;slug=blog-post-meal-walks-study;day_unlock=15,KEEP,The Study Behind Your Post-Meal Walks
content_items:e4a044ce-9872-4d05-920d-03fdd47eb1b7#summary,admin editable,public.content_items,summary,/app/learn,True,safe_no_change_required,type=blog;slug=blog-post-meal-walks-study;day_unlock=15,KEEP,A randomized 120-day trial: 15-minute walks after each meal beat one long daily walk for blood glucose and HbA1c. This is the research your Phase 2 walks are built on.
content_items:c9033016-e798-4140-b9a9-5c7aa48d151b#title,admin editable,public.content_items,title,/app/learn,True,safe_no_change_required,type=blog;slug=blog-cleveland-walking-after-eating;day_unlock=15,KEEP,Walking After Eating — What Actually Happens
content_items:c9033016-e798-4140-b9a9-5c7aa48d151b#summary,admin editable,public.content_items,summary,/app/learn,True,safe_no_change_required,type=blog;slug=blog-cleveland-walking-after-eating;day_unlock=15,KEEP,"Cleveland Clinic's diabetes education team explains why even short post-meal walks stabilize blood sugar and insulin, and what targets to aim for."
content_items:0bb970bd-6122-4cf8-ad14-98d53b219225#title,admin editable,public.content_items,title,/app/learn,True,safe_no_change_required,type=blog;slug=blog-even-10-minutes;day_unlock=15,KEEP,Even 10 Minutes Counts
content_items:0bb970bd-6122-4cf8-ad14-98d53b219225#summary,admin editable,public.content_items,summary,/app/learn,True,safe_no_change_required,type=blog;slug=blog-even-10-minutes;day_unlock=15,KEEP,New research on why a 10-minute walk immediately after eating blunts the glucose spike — and why timing matters more than duration.
content_items:e1198e3f-a659-4302-8846-3484957556ae#title,admin editable,public.content_items,title,/app/learn,True,reversal_cure,type=blog;slug=blog-remission-programs;day_unlock=15,CLINICIAN REVIEW REQUIRED,What Diabetes Remission Programs Get Right (and What They Cost)
content_items:e1198e3f-a659-4302-8846-3484957556ae#summary,admin editable,public.content_items,summary,/app/learn,True,reversal_cure,type=blog;slug=blog-remission-programs;day_unlock=15,CLINICIAN REVIEW REQUIRED,"DiaTribe's honest review of Virta, Level2 and clinical remission programs — useful context on what remission requires and why daily execution is the whole game."
content_items:eb4594fc-c6db-46d2-a24c-61f1ab7dd5e3#title,admin editable,public.content_items,title,/app/learn,True,safe_no_change_required,type=blog;slug=blog-time-in-range;day_unlock=15,KEEP,Time in Range: The Metric Your Doctor Will Ask About Next
content_items:eb4594fc-c6db-46d2-a24c-61f1ab7dd5e3#summary,admin editable,public.content_items,summary,/app/learn,True,safe_no_change_required,type=blog;slug=blog-time-in-range;day_unlock=15,KEEP,"Beyond A1C — why 'time in range' is becoming the standard for judging blood sugar control, and the tools people use to improve it."
content_items:876c3165-7f46-4a85-a7f4-e9d643686465#title,admin editable,public.content_items,title,/app/learn,True,reversal_cure,type=blog;slug=blog-remission-official-definition;day_unlock=15,CLINICIAN REVIEW REQUIRED,"What ""Remission"" Officially Means"
content_items:876c3165-7f46-4a85-a7f4-e9d643686465#summary,admin editable,public.content_items,summary,/app/learn,True,reversal_cure,type=blog;slug=blog-remission-official-definition;day_unlock=15,CLINICIAN REVIEW REQUIRED,An international expert group convened by the American Diabetes Association defines remission as an A1C below 6.5% sustained at least three months after stopping glucose-lowering medication. Here's the criteria in plain terms.
content_items:0b1f9c56-77d6-49c3-be5a-44f2106feb5a#title,admin editable,public.content_items,title,/app/learn,True,reversal_cure,type=blog;slug=blog-remission-more-doable;day_unlock=15,CLINICIAN REVIEW REQUIRED,Remission Is More Doable Than You Think
content_items:0b1f9c56-77d6-49c3-be5a-44f2106feb5a#summary,admin editable,public.content_items,summary,/app/learn,True,reversal_cure,type=blog;slug=blog-remission-more-doable;day_unlock=15,CLINICIAN REVIEW REQUIRED,"DiaTribe's look at the DiRECT trial, where 46% of participants reached remission at one year and 36% held it at two years — and what separated those who kept it from those who didn't."
content_items:f7bc81cc-1ac6-45dd-9a61-800d04b821cc#title,admin editable,public.content_items,title,/app/learn,True,reversal_cure,type=blog;slug=blog-remission-five-years;day_unlock=15,CLINICIAN REVIEW REQUIRED,Remission at Five Years: The Honest Numbers
content_items:f7bc81cc-1ac6-45dd-9a61-800d04b821cc#summary,admin editable,public.content_items,summary,/app/learn,True,reversal_cure,type=blog;slug=blog-remission-five-years;day_unlock=15,CLINICIAN REVIEW REQUIRED,"Diabetes UK's report on the DiRECT extension study — what long-term remission actually looks like, why weight regain is the main threat, and why ongoing support matters more than the initial push."
content_items:bfd9d9c5-0cbe-4867-bd20-f66e05dd99f3#title,admin editable,public.content_items,title,/app/learn,True,reversal_cure,type=blog;slug=blog-weight-loss-drives-remission;day_unlock=15,CLINICIAN REVIEW REQUIRED,How Weight Loss Drives Remission
content_items:bfd9d9c5-0cbe-4867-bd20-f66e05dd99f3#summary,admin editable,public.content_items,summary,/app/learn,True,safe_no_change_required,type=blog;slug=blog-weight-loss-drives-remission;day_unlock=15,KEEP,The National Institute of Diabetes and Digestive and Kidney Diseases explains the mechanism — why losing fat from the liver and pancreas is what allows insulin production to recover.
content_items:68e1912c-a486-4a08-bd2a-645d265c222f#title,admin editable,public.content_items,title,/app/learn,True,reversal_cure,type=blog;slug=blog-type2-remission-how;day_unlock=15,CLINICIAN REVIEW REQUIRED,Type 2 Remission: What It Is and How It's Done
content_items:68e1912c-a486-4a08-bd2a-645d265c222f#summary,admin editable,public.content_items,summary,/app/learn,True,reversal_cure,type=blog;slug=blog-type2-remission-how;day_unlock=15,CLINICIAN REVIEW REQUIRED,"A plain-language overview of what remission requires, the trials that established it, and why the strategy you can actually maintain beats the one that works fastest."
content_items:371dd455-5f10-487e-a9c1-0c53a60e9678#title,admin editable,public.content_items,title,/app/library,True,safe_no_change_required,type=movement;slug=post-meal-walk;day_unlock=6,KEEP,The 10-Minute Post-Meal Walk
content_items:371dd455-5f10-487e-a9c1-0c53a60e9678#summary,admin editable,public.content_items,summary,/app/library,True,safe_no_change_required,type=movement;slug=post-meal-walk;day_unlock=6,KEEP,The single most effective thing you can do for blood sugar today.
content_items:c5784bd4-cf6a-4072-b1d6-9c3c0ffab894#title,admin editable,public.content_items,title,/app/library,True,safe_no_change_required,type=movement;slug=chair-strength-routine;day_unlock=6,KEEP,Chair-Based Strength Routine
content_items:c5784bd4-cf6a-4072-b1d6-9c3c0ffab894#summary,admin editable,public.content_items,summary,/app/library,True,safe_no_change_required,type=movement;slug=chair-strength-routine;day_unlock=6,KEEP,"5 moves, no equipment, easy on knees. Builds the muscle that uses glucose."
content_items:0e094e56-db12-4bb7-8aa4-85417147acfc#title,admin editable,public.content_items,title,/app/library,True,safe_no_change_required,type=movement;slug=morning-mobility;day_unlock=6,KEEP,5-Minute Morning Mobility
content_items:0e094e56-db12-4bb7-8aa4-85417147acfc#summary,admin editable,public.content_items,summary,/app/library,True,safe_no_change_required,type=movement;slug=morning-mobility;day_unlock=6,KEEP,Gentle wake-up sequence. Good for joint stiffness and circulation.
content_items:043c57ec-04f4-4ccb-825f-f0f07ad45494#title,admin editable,public.content_items,title,/app/library,True,safe_no_change_required,type=plate_method;slug=plate-method-guide;day_unlock=6,KEEP,The Plate Method (Printable)
content_items:043c57ec-04f4-4ccb-825f-f0f07ad45494#summary,admin editable,public.content_items,summary,/app/library,True,safe_no_change_required,type=plate_method;slug=plate-method-guide;day_unlock=6,KEEP,"½ non-starchy veg, ¼ protein, ¼ slow carbs. Print it, stick it on the fridge."
content_items:0139c885-fd58-4177-ac95-2961be0e9963#title,admin editable,public.content_items,title,/app/library,True,safe_no_change_required,type=recipe;slug=overnight-oats-cinnamon;day_unlock=6,KEEP,Cinnamon Apple Overnight Oats
content_items:0139c885-fd58-4177-ac95-2961be0e9963#summary,admin editable,public.content_items,summary,/app/library,True,safe_no_change_required,type=recipe;slug=overnight-oats-cinnamon;day_unlock=6,KEEP,Slow carbs + cinnamon to blunt the morning spike. 5 minutes the night before.
content_items:e822a4b1-f5bb-4c1e-9ca5-f4a2b64c89e4#title,admin editable,public.content_items,title,/app/library,True,safe_no_change_required,type=recipe;slug=sheet-pan-chicken-greens;day_unlock=6,KEEP,Sheet-Pan Chicken & Greens
content_items:e822a4b1-f5bb-4c1e-9ca5-f4a2b64c89e4#summary,admin editable,public.content_items,summary,/app/library,True,safe_no_change_required,type=recipe;slug=sheet-pan-chicken-greens;day_unlock=6,KEEP,"One pan, 25 minutes, plate-method ready. Leftovers reheat well."
content_items:01ea5a4e-b022-4c06-9fcd-d4fa4a854fe8#title,admin editable,public.content_items,title,/app/library,True,safe_no_change_required,type=recipe;slug=greek-yogurt-power-bowl;day_unlock=6,KEEP,Greek Yogurt Power Bowl
content_items:01ea5a4e-b022-4c06-9fcd-d4fa4a854fe8#summary,admin editable,public.content_items,summary,/app/library,True,safe_no_change_required,type=recipe;slug=greek-yogurt-power-bowl;day_unlock=6,KEEP,High-protein snack that holds you for 3+ hours. No sugar crash.
content_items:fe443416-e6b7-4407-8dd1-ad0e62fc884c#title,admin editable,public.content_items,title,/app/library,True,safe_no_change_required,type=recipe;slug=lentil-veg-soup;day_unlock=6,KEEP,30-Minute Lentil & Vegetable Soup
content_items:fe443416-e6b7-4407-8dd1-ad0e62fc884c#summary,admin editable,public.content_items,summary,/app/library,True,safe_no_change_required,type=recipe;slug=lentil-veg-soup;day_unlock=6,KEEP,"Fiber-forward, freezer-friendly. Doubles as a workday lunch."
content_items:0df75d95-1cc7-4fc9-9152-7001065e4d57#title,admin editable,public.content_items,title,/app/library,True,safe_no_change_required,type=recipe;slug=salmon-cauli-rice;day_unlock=6,KEEP,Lemon Salmon with Cauliflower Rice
content_items:0df75d95-1cc7-4fc9-9152-7001065e4d57#summary,admin editable,public.content_items,summary,/app/library,True,safe_no_change_required,type=recipe;slug=salmon-cauli-rice;day_unlock=6,KEEP,Anti-inflammatory dinner that does not spike. Pan to plate in 20.
badges:caa24166-1eb7-424b-bd79-a26b98c58c68#name,database,public.badges,name,/app/progress (badges),True,safe_no_change_required,slug=first-drop;category=program;xp=5,KEEP,First Drop
badges:caa24166-1eb7-424b-bd79-a26b98c58c68#description,database,public.badges,description,/app/progress (badges),True,safe_no_change_required,slug=first-drop;category=program;xp=5,KEEP,Logged your first blood sugar reading.
badges:caa24166-1eb7-424b-bd79-a26b98c58c68#unlock_hint,database,public.badges,unlock_hint,/app/progress (badges),True,safe_no_change_required,slug=first-drop;category=program;xp=5,KEEP,Log your first blood sugar reading
badges:2a8ac8f4-5e9a-426d-879a-41c4d3f2e895#name,database,public.badges,name,/app/progress (badges),True,safe_no_change_required,slug=full-plate;category=program;xp=10,KEEP,Full Plate
badges:2a8ac8f4-5e9a-426d-879a-41c4d3f2e895#description,database,public.badges,description,/app/progress (badges),True,safe_no_change_required,slug=full-plate;category=program;xp=10,KEEP,Logged your first compliant meal.
badges:2a8ac8f4-5e9a-426d-879a-41c4d3f2e895#unlock_hint,database,public.badges,unlock_hint,/app/progress (badges),True,safe_no_change_required,slug=full-plate;category=program;xp=10,KEEP,Log one fully compliant plate
badges:0b84ec1d-109a-424e-bc54-46b9b26af926#name,database,public.badges,name,/app/progress (badges),True,safe_no_change_required,slug=hydrated;category=program;xp=15,KEEP,Hydrated
badges:0b84ec1d-109a-424e-bc54-46b9b26af926#description,database,public.badges,description,/app/progress (badges),True,safe_no_change_required,slug=hydrated;category=program;xp=15,KEEP,First day water goal hit.
badges:0b84ec1d-109a-424e-bc54-46b9b26af926#unlock_hint,database,public.badges,unlock_hint,/app/progress (badges),True,safe_no_change_required,slug=hydrated;category=program;xp=15,KEEP,Close the water ring once
badges:c898c38d-ae9e-4dec-bb88-1c78d3ef1ebc#name,database,public.badges,name,/app/progress (badges),True,safe_no_change_required,slug=week-one-warrior;category=program;xp=50,KEEP,Week One Warrior
badges:c898c38d-ae9e-4dec-bb88-1c78d3ef1ebc#description,database,public.badges,description,/app/progress (badges),True,safe_no_change_required,slug=week-one-warrior;category=program;xp=50,KEEP,7-day streak achieved.
badges:c898c38d-ae9e-4dec-bb88-1c78d3ef1ebc#unlock_hint,database,public.badges,unlock_hint,/app/progress (badges),True,safe_no_change_required,slug=week-one-warrior;category=program;xp=50,KEEP,Maintain a 7-day streak
badges:5970935c-4046-4323-b42f-0c54b7034ac8#name,database,public.badges,name,/app/progress (badges),True,safe_no_change_required,slug=move-it;category=program;xp=20,KEEP,Move It
badges:5970935c-4046-4323-b42f-0c54b7034ac8#description,database,public.badges,description,/app/progress (badges),True,safe_no_change_required,slug=move-it;category=program;xp=20,KEEP,First workout completed.
badges:5970935c-4046-4323-b42f-0c54b7034ac8#unlock_hint,database,public.badges,unlock_hint,/app/progress (badges),True,safe_no_change_required,slug=move-it;category=program;xp=20,KEEP,Complete your first workout
badges:ec3c14d5-f4d1-4484-ae5a-3cff7059037c#name,database,public.badges,name,/app/progress (badges),True,safe_no_change_required,slug=14-day-foundation;category=program;xp=75,KEEP,14-Day Foundation
badges:ec3c14d5-f4d1-4484-ae5a-3cff7059037c#description,database,public.badges,description,/app/progress (badges),True,safe_no_change_required,slug=14-day-foundation;category=program;xp=75,KEEP,Phase 1 complete.
badges:ec3c14d5-f4d1-4484-ae5a-3cff7059037c#unlock_hint,database,public.badges,unlock_hint,/app/progress (badges),True,safe_no_change_required,slug=14-day-foundation;category=program;xp=75,KEEP,Complete Phase 1 (Day 14)
badges:2a8f3d0b-a11e-4e27-9943-cea7d6b7373a#name,database,public.badges,name,/app/progress (badges),True,fasting_scheduling,slug=night-faster;category=program;xp=30,CLINICIAN REVIEW REQUIRED,Night Faster
badges:2a8f3d0b-a11e-4e27-9943-cea7d6b7373a#description,database,public.badges,description,/app/progress (badges),True,safe_no_change_required,slug=night-faster;category=program;xp=30,KEEP,First intermittent fast completed.
badges:2a8f3d0b-a11e-4e27-9943-cea7d6b7373a#unlock_hint,database,public.badges,unlock_hint,/app/progress (badges),True,safe_no_change_required,slug=night-faster;category=program;xp=30,KEEP,Unlock IF and complete one fast
badges:b461639c-3042-4b76-b056-57dadb8750c2#name,database,public.badges,name,/app/progress (badges),True,safe_no_change_required,slug=a1c-entry;category=program;xp=20,KEEP,A1C Entry
badges:b461639c-3042-4b76-b056-57dadb8750c2#description,database,public.badges,description,/app/progress (badges),True,safe_no_change_required,slug=a1c-entry;category=program;xp=20,KEEP,First A1C value recorded.
badges:b461639c-3042-4b76-b056-57dadb8750c2#unlock_hint,database,public.badges,unlock_hint,/app/progress (badges),True,safe_no_change_required,slug=a1c-entry;category=program;xp=20,KEEP,Enter your first A1C result
badges:467ade61-3680-4375-a86c-c461a37beb4f#name,database,public.badges,name,/app/progress (badges),True,safe_no_change_required,slug=dropping;category=program;xp=50,KEEP,Dropping
badges:467ade61-3680-4375-a86c-c461a37beb4f#description,database,public.badges,description,/app/progress (badges),True,safe_no_change_required,slug=dropping;category=program;xp=50,KEEP,A1C decreased from a previous reading.
badges:467ade61-3680-4375-a86c-c461a37beb4f#unlock_hint,database,public.badges,unlock_hint,/app/progress (badges),True,promised_outcomes,slug=dropping;category=program;xp=50,CLINICIAN REVIEW REQUIRED,Lower your A1C from any prior reading
badges:ae4ea5cc-5eb4-46d8-8236-5dbf06163f99#name,database,public.badges,name,/app/progress (badges),True,diagnostic_label,slug=pre-diabetic-zone;category=program;xp=30,CLINICIAN REVIEW REQUIRED,Pre-Diabetic Zone
badges:ae4ea5cc-5eb4-46d8-8236-5dbf06163f99#description,database,public.badges,description,/app/progress (badges),True,diagnostic_label,slug=pre-diabetic-zone;category=program;xp=30,CLINICIAN REVIEW REQUIRED,First fasting reading in pre-diabetic range.
badges:ae4ea5cc-5eb4-46d8-8236-5dbf06163f99#unlock_hint,database,public.badges,unlock_hint,/app/progress (badges),True,supplements,slug=pre-diabetic-zone;category=program;xp=30,CLINICIAN REVIEW REQUIRED,Log a fasting reading 100–125 mg/dL
badges:92831cb0-2db5-456e-84fa-a1f33507cbfa#name,database,public.badges,name,/app/progress (badges),True,diagnostic_label,slug=normal-zone;category=program;xp=75,CLINICIAN REVIEW REQUIRED,Normal Zone
badges:92831cb0-2db5-456e-84fa-a1f33507cbfa#description,database,public.badges,description,/app/progress (badges),True,safe_no_change_required,slug=normal-zone;category=program;xp=75,KEEP,First fasting reading in normal range.
badges:92831cb0-2db5-456e-84fa-a1f33507cbfa#unlock_hint,database,public.badges,unlock_hint,/app/progress (badges),True,supplements,slug=normal-zone;category=program;xp=75,CLINICIAN REVIEW REQUIRED,Log a fasting reading under 100 mg/dL
badges:a3c271a9-385e-4b26-8178-aefa5989b482#name,database,public.badges,name,/app/progress (badges),True,safe_no_change_required,slug=thirty-day-streak;category=program;xp=150,KEEP,30-Day Streak
badges:a3c271a9-385e-4b26-8178-aefa5989b482#description,database,public.badges,description,/app/progress (badges),True,safe_no_change_required,slug=thirty-day-streak;category=program;xp=150,KEEP,30 consecutive days all rings closed.
badges:a3c271a9-385e-4b26-8178-aefa5989b482#unlock_hint,database,public.badges,unlock_hint,/app/progress (badges),True,safe_no_change_required,slug=thirty-day-streak;category=program;xp=150,KEEP,Reach a 30-day streak
badges:a314f16f-967f-41e8-a853-35203bed4d1a#name,database,public.badges,name,/app/progress (badges),True,safe_no_change_required,slug=weight-milestone;category=program;xp=100,KEEP,Weight Milestone
badges:a314f16f-967f-41e8-a853-35203bed4d1a#description,database,public.badges,description,/app/progress (badges),True,safe_no_change_required,slug=weight-milestone;category=program;xp=100,KEEP,First 5% body weight reduction.
badges:a314f16f-967f-41e8-a853-35203bed4d1a#unlock_hint,database,public.badges,unlock_hint,/app/progress (badges),True,safe_no_change_required,slug=weight-milestone;category=program;xp=100,KEEP,Lose 5% of starting body weight
badges:8c983cfb-4160-4f38-9b2d-b3f192d99e65#name,database,public.badges,name,/app/progress (badges),True,safe_no_change_required,slug=full-house;category=program;xp=75,KEEP,Full House
badges:8c983cfb-4160-4f38-9b2d-b3f192d99e65#description,database,public.badges,description,/app/progress (badges),True,safe_no_change_required,slug=full-house;category=program;xp=75,KEEP,7 days all 4 rings closed.
badges:8c983cfb-4160-4f38-9b2d-b3f192d99e65#unlock_hint,database,public.badges,unlock_hint,/app/progress (badges),True,safe_no_change_required,slug=full-house;category=program;xp=75,KEEP,Close all 4 rings for 7 days straight
badges:b7f86ae0-49b8-442d-be4b-61934b785666#name,database,public.badges,name,/app/progress (badges),True,safe_no_change_required,slug=freeze-earned;category=program;xp=40,KEEP,Freeze Earned
badges:b7f86ae0-49b8-442d-be4b-61934b785666#description,database,public.badges,description,/app/progress (badges),True,safe_no_change_required,slug=freeze-earned;category=program;xp=40,KEEP,First streak freeze earned.
badges:b7f86ae0-49b8-442d-be4b-61934b785666#unlock_hint,database,public.badges,unlock_hint,/app/progress (badges),True,safe_no_change_required,slug=freeze-earned;category=program;xp=40,KEEP,Reach a 14-day streak
badges:97656561-3bc1-4728-87c0-936225c0d607#name,database,public.badges,name,/app/progress (badges),True,safe_no_change_required,slug=month-1-complete;category=program;xp=50,KEEP,Month 1 Complete
badges:97656561-3bc1-4728-87c0-936225c0d607#description,database,public.badges,description,/app/progress (badges),True,safe_no_change_required,slug=month-1-complete;category=program;xp=50,KEEP,30-day measurement submitted.
badges:97656561-3bc1-4728-87c0-936225c0d607#unlock_hint,database,public.badges,unlock_hint,/app/progress (badges),True,safe_no_change_required,slug=month-1-complete;category=program;xp=50,KEEP,Submit your Month 1 measurement
badges:b974a500-b1d3-428f-9ab8-dae0c4373f31#name,database,public.badges,name,/app/progress (badges),True,safe_no_change_required,slug=90-day-warrior;category=program;xp=100,KEEP,90-Day Warrior
badges:b974a500-b1d3-428f-9ab8-dae0c4373f31#description,database,public.badges,description,/app/progress (badges),True,safe_no_change_required,slug=90-day-warrior;category=program;xp=100,KEEP,Month 3 measurement submitted.
badges:b974a500-b1d3-428f-9ab8-dae0c4373f31#unlock_hint,database,public.badges,unlock_hint,/app/progress (badges),True,safe_no_change_required,slug=90-day-warrior;category=program;xp=100,KEEP,Submit your Month 3 measurement
badges:09e1bef8-303d-4d36-9845-6bf7a5fd1548#name,database,public.badges,name,/app/progress (badges),True,cheat_meal,slug=cheat-and-fast;category=program;xp=30,CLINICIAN REVIEW REQUIRED,Cheat and Fast
badges:09e1bef8-303d-4d36-9845-6bf7a5fd1548#description,database,public.badges,description,/app/progress (badges),True,cheat_meal,slug=cheat-and-fast;category=program;xp=30,CLINICIAN REVIEW REQUIRED,First cheat meal + fast logged immediately after.
badges:09e1bef8-303d-4d36-9845-6bf7a5fd1548#unlock_hint,database,public.badges,unlock_hint,/app/progress (badges),True,cheat_meal,slug=cheat-and-fast;category=program;xp=30,CLINICIAN REVIEW REQUIRED,Log a cheat meal then an IF window
badges:f4f99c09-5e94-4360-9eed-809f5011a5c1#name,database,public.badges,name,/app/progress (badges),True,safe_no_change_required,slug=full-6-months;category=program;xp=200,KEEP,Full 6 Months
badges:f4f99c09-5e94-4360-9eed-809f5011a5c1#description,database,public.badges,description,/app/progress (badges),True,safe_no_change_required,slug=full-6-months;category=program;xp=200,KEEP,Month 6 measurement submitted.
badges:f4f99c09-5e94-4360-9eed-809f5011a5c1#unlock_hint,database,public.badges,unlock_hint,/app/progress (badges),True,safe_no_change_required,slug=full-6-months;category=program;xp=200,KEEP,Submit your Month 6 measurement
badges:eeec58fb-4f57-48da-8189-cc7519ae0c20#name,database,public.badges,name,/app/progress (badges),True,safe_no_change_required,slug=first-question;category=community;xp=5,KEEP,First Question
badges:eeec58fb-4f57-48da-8189-cc7519ae0c20#description,database,public.badges,description,/app/progress (badges),True,safe_no_change_required,slug=first-question;category=community;xp=5,KEEP,First question posted in community.
badges:eeec58fb-4f57-48da-8189-cc7519ae0c20#unlock_hint,database,public.badges,unlock_hint,/app/progress (badges),True,safe_no_change_required,slug=first-question;category=community;xp=5,KEEP,Post your first question in Ask
badges:cfff8242-da74-49aa-b1d0-46f27d807863#name,database,public.badges,name,/app/progress (badges),True,safe_no_change_required,slug=helper;category=community;xp=15,KEEP,Helper
badges:cfff8242-da74-49aa-b1d0-46f27d807863#description,database,public.badges,description,/app/progress (badges),True,safe_no_change_required,slug=helper;category=community;xp=15,KEEP,Your answer was marked helpful.
badges:cfff8242-da74-49aa-b1d0-46f27d807863#unlock_hint,database,public.badges,unlock_hint,/app/progress (badges),True,safe_no_change_required,slug=helper;category=community;xp=15,KEEP,Have an answer marked helpful
badges:c4638cc1-3735-4c73-93bb-ad83db1b321e#name,database,public.badges,name,/app/progress (badges),True,safe_no_change_required,slug=voice-of-the-community;category=community;xp=75,KEEP,Voice of the Community
badges:c4638cc1-3735-4c73-93bb-ad83db1b321e#description,database,public.badges,description,/app/progress (badges),True,safe_no_change_required,slug=voice-of-the-community;category=community;xp=75,KEEP,5 questions received DRM admin responses.
badges:c4638cc1-3735-4c73-93bb-ad83db1b321e#unlock_hint,database,public.badges,unlock_hint,/app/progress (badges),True,safe_no_change_required,slug=voice-of-the-community;category=community;xp=75,KEEP,5 questions with admin responses
badges:a2ea4750-f535-41a3-b769-064881a367f4#name,database,public.badges,name,/app/progress (badges),True,safe_no_change_required,slug=day-90-wisdom;category=community;xp=30,KEEP,Day 90 Wisdom
badges:a2ea4750-f535-41a3-b769-064881a367f4#description,database,public.badges,description,/app/progress (badges),True,safe_no_change_required,slug=day-90-wisdom;category=community;xp=30,KEEP,Answered a question while at Day 90.
badges:a2ea4750-f535-41a3-b769-064881a367f4#unlock_hint,database,public.badges,unlock_hint,/app/progress (badges),True,safe_no_change_required,slug=day-90-wisdom;category=community;xp=30,KEEP,Answer a question at Day 90
badges:704e93f3-29c3-4bff-a41f-d2903fc9dd48#name,database,public.badges,name,/app/progress (badges),True,safe_no_change_required,slug=day-180-wisdom;category=community;xp=40,KEEP,Day 180 Wisdom
badges:704e93f3-29c3-4bff-a41f-d2903fc9dd48#description,database,public.badges,description,/app/progress (badges),True,safe_no_change_required,slug=day-180-wisdom;category=community;xp=40,KEEP,Answered a question while at Day 180.
badges:704e93f3-29c3-4bff-a41f-d2903fc9dd48#unlock_hint,database,public.badges,unlock_hint,/app/progress (badges),True,safe_no_change_required,slug=day-180-wisdom;category=community;xp=40,KEEP,Answer a question at Day 180
badges:598e93a8-cd87-47a8-a52e-0be50c1a7bed#name,database,public.badges,name,/app/progress (badges),True,safe_no_change_required,slug=day-270-wisdom;category=community;xp=50,KEEP,Day 270 Wisdom
badges:598e93a8-cd87-47a8-a52e-0be50c1a7bed#description,database,public.badges,description,/app/progress (badges),True,safe_no_change_required,slug=day-270-wisdom;category=community;xp=50,KEEP,Answered a question while at Day 270.
badges:598e93a8-cd87-47a8-a52e-0be50c1a7bed#unlock_hint,database,public.badges,unlock_hint,/app/progress (badges),True,safe_no_change_required,slug=day-270-wisdom;category=community;xp=50,KEEP,Answer a question at Day 270
badges:1cb88eed-f4e6-4ce0-98ce-d8de00eee190#name,database,public.badges,name,/app/progress (badges),True,safe_no_change_required,slug=featured;category=community;xp=50,KEEP,Featured
badges:1cb88eed-f4e6-4ce0-98ce-d8de00eee190#description,database,public.badges,description,/app/progress (badges),True,safe_no_change_required,slug=featured;category=community;xp=50,KEEP,Your question was selected Question of the Day.
badges:1cb88eed-f4e6-4ce0-98ce-d8de00eee190#unlock_hint,database,public.badges,unlock_hint,/app/progress (badges),True,safe_no_change_required,slug=featured;category=community;xp=50,KEEP,Have your question chosen QotD
badges:5e8837c4-1478-49fb-b61f-01a4c17fd086#name,database,public.badges,name,/app/progress (badges),True,safe_no_change_required,slug=win-sharer;category=community;xp=15,KEEP,Win Sharer
badges:5e8837c4-1478-49fb-b61f-01a4c17fd086#description,database,public.badges,description,/app/progress (badges),True,safe_no_change_required,slug=win-sharer;category=community;xp=15,KEEP,Posted first achievement win.
badges:5e8837c4-1478-49fb-b61f-01a4c17fd086#unlock_hint,database,public.badges,unlock_hint,/app/progress (badges),True,safe_no_change_required,slug=win-sharer;category=community;xp=15,KEEP,Post your first win
vita_quotes:ce99fc3f-8e32-4c85-a2cc-ef5eb530728d#quote_text,admin editable,public.vita_quotes,quote_text,/app (VITA card),True,safe_no_change_required,category=program_tip;days=1-180,KEEP,"The plate method is not a suggestion. It is the mechanism. Half vegetables, quarter protein, quarter complex carbs. Every single meal."
vita_quotes:ced7c1e7-f0e0-45c0-9b64-6753b011cc07#quote_text,admin editable,public.vita_quotes,quote_text,/app (VITA card),True,safe_no_change_required,category=program_tip;days=1-180,KEEP,Your water target is not negotiable. [X]oz. Your cells are not optional either.
vita_quotes:4ed6f56a-ccc4-4ac7-a4f6-eaf21ea4f6af#quote_text,admin editable,public.vita_quotes,quote_text,/app (VITA card),True,safe_no_change_required,category=program_tip;days=1-180,KEEP,Post-meal walks are not exercise. They are blood sugar management. Ten minutes is enough to blunt the spike.
vita_quotes:fe47ddbd-3458-48e7-af7a-f2f6e08e3f55#quote_text,admin editable,public.vita_quotes,quote_text,/app (VITA card),True,safe_no_change_required,category=program_tip;days=1-180,KEEP,Ceylon cinnamon and Cassia are not the same thing. The label will say which one it is. The difference matters.
vita_quotes:09c58d77-5ad5-46b7-ac6e-ff3a3b78820f#quote_text,admin editable,public.vita_quotes,quote_text,/app (VITA card),True,safe_no_change_required,category=program_tip;days=1-180,KEEP,Brown rice is not a compromise. It is the correct carbohydrate for what you are doing. Embrace it.
vita_quotes:af4a14fb-6994-4742-900a-c9b0dff287ed#quote_text,admin editable,public.vita_quotes,quote_text,/app (VITA card),True,safe_no_change_required,category=program_tip;days=1-180,KEEP,ACV before a meal is not a folk remedy. The research on post-meal blood sugar reduction is real. 1–2 tablespoons in water. Do it.
vita_quotes:96eb287f-db5b-453b-be29-05ba58095e42#quote_text,admin editable,public.vita_quotes,quote_text,/app (VITA card),True,safe_no_change_required,category=program_tip;days=1-180,KEEP,"Your snack window opens 2.5 hours after your last meal. Not 2. At 2 hours, your blood sugar is still coming down."
vita_quotes:51cff64a-f055-4a76-88a9-2c665c6033ef#quote_text,admin editable,public.vita_quotes,quote_text,/app (VITA card),True,safe_no_change_required,category=program_tip;days=1-180,KEEP,"The scale is one data point. Your waist measurement, your energy, your post-meal readings — those are the full picture."
vita_quotes:b27eda5d-2708-4b10-8444-613953b324fa#quote_text,admin editable,public.vita_quotes,quote_text,/app (VITA card),True,diagnostic_label;uncited_absolute,category=program_tip;days=1-180,CLINICIAN REVIEW REQUIRED,"Ackee is not just a Jamaican breakfast. It is a high-protein, low-carb food that most diabetics have never heard of."
vita_quotes:fce73897-c01b-458d-a07d-1ee5c7f8722d#quote_text,admin editable,public.vita_quotes,quote_text,/app (VITA card),True,cheat_meal,category=program_tip;days=1-180,CLINICIAN REVIEW REQUIRED,"Cheat meal, not cheat day. One meal, last of the day, fast begins immediately after. That is the rule."
vita_quotes:54905782-26cf-4c64-a678-00b12f37330e#quote_text,admin editable,public.vita_quotes,quote_text,/app (VITA card),True,safe_no_change_required,category=program_tip;days=1-180,KEEP,Compliant does not mean perfect. It means the plate method was followed. Everything else is extra.
vita_quotes:2398f029-537b-4707-8ad8-870e32539a17#quote_text,admin editable,public.vita_quotes,quote_text,/app (VITA card),True,safe_no_change_required,category=program_tip;days=1-180,KEEP,Your A1C reflects 3 months of decisions. The decisions you are making right now are already being written into your next result.
vita_quotes:6f19666e-3dbe-4da6-a9a2-f9f6ff879ae4#quote_text,admin editable,public.vita_quotes,quote_text,/app (VITA card),True,safe_no_change_required,category=program_tip;days=1-180,KEEP,Green banana is not the same as ripe banana. Boiled green banana has a completely different glycemic impact. This matters.
vita_quotes:9420d73e-556e-4c2c-9f2d-52ec59eec8f7#quote_text,admin editable,public.vita_quotes,quote_text,/app (VITA card),True,fasting_scheduling,category=program_tip;days=1-180,CLINICIAN REVIEW REQUIRED,Intermittent fasting does not begin until Day 21 and only if the compliance gate is met. Patience here is not optional.
vita_quotes:4c222d8e-ca42-4af6-9b02-5ffcf89c8e46#quote_text,admin editable,public.vita_quotes,quote_text,/app (VITA card),True,diagnostic_label,category=program_tip;days=1-180,CLINICIAN REVIEW REQUIRED,"Dasheen, breadfruit, christophene — these are not exotic. They are diabetic-appropriate foods that belong in your kitchen."
vita_quotes:6201d90c-5cf0-4c2f-9e34-a49861f724aa#quote_text,admin editable,public.vita_quotes,quote_text,/app (VITA card),True,supplements;diagnostic_label,category=program_tip;days=1-180,CLINICIAN REVIEW REQUIRED,"The supplement pack is not optional. It covers what a diabetic diet alone cannot. One packet, largest meal, every day."
vita_quotes:c6f2961d-632b-410d-9cc6-0dacb3495fda#quote_text,admin editable,public.vita_quotes,quote_text,/app (VITA card),True,safe_no_change_required,category=program_tip;days=1-180,KEEP,Cooking time matters. A rushed meal becomes a poor meal. Your 20 minutes is worth protecting.
vita_quotes:072c207d-0d8d-402a-b406-a88ef2611bff#quote_text,admin editable,public.vita_quotes,quote_text,/app (VITA card),True,safe_no_change_required,category=program_tip;days=1-180,KEEP,Meal swaps are available for a reason. Use them. The plan adapts to you — not the other way around.
vita_quotes:d4364e19-8d46-4a42-a1a9-07c350f70628#quote_text,admin editable,public.vita_quotes,quote_text,/app (VITA card),True,safe_no_change_required,category=program_tip;days=1-180,KEEP,Your food ring fills when all three plate method checks are complete for that meal. Not two. Three.
vita_quotes:32ca6a3c-ca75-47ea-b49d-77c4c193aca4#quote_text,admin editable,public.vita_quotes,quote_text,/app (VITA card),True,safe_no_change_required,category=program_tip;days=1-180,KEEP,The plate method is not a portion size guide. It is a glucose management tool disguised as a plate.
vita_quotes:90bb0540-432c-49b4-9856-41945f4c70bc#quote_text,admin editable,public.vita_quotes,quote_text,/app (VITA card),True,safe_no_change_required,category=science;days=1-180,KEEP,Blood sugar peaks at about 72 minutes after you start eating. By 2.5 hours it is mostly back down. That is your snack window.
vita_quotes:16a61419-9ae2-4828-a4d2-e65751fa5704#quote_text,admin editable,public.vita_quotes,quote_text,/app (VITA card),True,safe_no_change_required,category=science;days=1-180,KEEP,"Insulin resistance is not permanent. It responds to exactly what you are doing right now. Diet, movement, and time."
vita_quotes:7405b114-00e9-4864-ae5f-798087c0711b#quote_text,admin editable,public.vita_quotes,quote_text,/app (VITA card),True,safe_no_change_required,category=science;days=1-180,KEEP,Muscle is metabolically active tissue. Every workout you complete increases the amount of glucose your body can absorb without spiking.
vita_quotes:aaf991b2-2c56-47a2-94b4-a54681461941#quote_text,admin editable,public.vita_quotes,quote_text,/app (VITA card),True,safe_no_change_required,category=science;days=1-180,KEEP,Fiber slows the absorption of carbohydrates. That is why the vegetables come first on the plate. It is not decoration.
vita_quotes:d2c31879-ad5f-4d8f-914b-81d37150ff10#quote_text,admin editable,public.vita_quotes,quote_text,/app (VITA card),True,insulin_sensitivity_claim,category=science;days=1-180,CLINICIAN REVIEW REQUIRED,Sleep affects insulin sensitivity. Poor sleep for one night can reduce insulin response by up to 25%. Protect your sleep.
vita_quotes:16dd494f-9da8-4ba6-a6b1-a38093bd8fbc#quote_text,admin editable,public.vita_quotes,quote_text,/app (VITA card),True,safe_no_change_required,category=science;days=1-180,KEEP,Visceral fat — the fat around the organs — is more metabolically harmful than subcutaneous fat. It also responds faster to the plate method.
vita_quotes:c0980824-a9f1-43d6-a025-3908a6219f32#quote_text,admin editable,public.vita_quotes,quote_text,/app (VITA card),True,safe_no_change_required,category=science;days=1-180,KEEP,"Your fasting blood sugar in the morning reflects what happened overnight, which reflects what you ate at dinner. Dinner matters more than most people think."
vita_quotes:bc482eca-f0bf-438f-84d3-78c2ce2d27fc#quote_text,admin editable,public.vita_quotes,quote_text,/app (VITA card),True,safe_no_change_required,category=science;days=1-180,KEEP,The pancreas does not fail suddenly in Type 2 diabetes. It is overworked for years before the numbers change. You are giving it a rest right now.
vita_quotes:ac3ed2cb-60af-496d-ba7e-c033413422c5#quote_text,admin editable,public.vita_quotes,quote_text,/app (VITA card),True,supplements,category=science;days=1-180,CLINICIAN REVIEW REQUIRED,Chromium helps insulin work more effectively. It is in your Nature Made pack. That is why the pack is the foundation.
vita_quotes:86247399-4101-4ee5-b27f-040cc33c7fa3#quote_text,admin editable,public.vita_quotes,quote_text,/app (VITA card),True,safe_no_change_required,category=science;days=1-180,KEEP,"Ceylon cinnamon has been shown in multiple studies to improve fasting blood sugar. Cassia has not. The compound responsible, MHCP, is significantly higher in Ceylon."
vita_quotes:0821ce0a-4cb2-4286-9475-5c9da98325df#quote_text,admin editable,public.vita_quotes,quote_text,/app (VITA card),True,supplements;diagnostic_label,category=science;days=1-180,CLINICIAN REVIEW REQUIRED,R-Alpha Lipoic Acid at 600mg is the therapeutic dose for diabetic neuropathy. Less than that has not demonstrated the same effect in research.
vita_quotes:08a3c3fd-dbca-4f20-bad4-003ed2c4d8f5#quote_text,admin editable,public.vita_quotes,quote_text,/app (VITA card),True,promised_outcomes;insulin_sensitivity_claim,category=science;days=1-180,CLINICIAN REVIEW REQUIRED,Post-meal walks work because muscle contractions allow glucose uptake independent of insulin. You do not need insulin to be working well for a walk to lower your blood sugar.
vita_quotes:db38a519-3788-4190-b166-d99bacd5a87d#quote_text,admin editable,public.vita_quotes,quote_text,/app (VITA card),True,safe_no_change_required,category=science;days=1-180,KEEP,The glycemic load of a meal is more important than the glycemic index of any single ingredient. Combining protein and fiber with carbohydrates changes everything.
vita_quotes:af5d1bf9-3365-4763-8d4c-2fd92463dc1a#quote_text,admin editable,public.vita_quotes,quote_text,/app (VITA card),True,supplements,category=science;days=1-180,CLINICIAN REVIEW REQUIRED,Benfotiamine — the fat-soluble form of B1 in your DEAL supplement — can actually enter nerve tissue. The regular water-soluble B1 cannot. That is why the specific form matters.
vita_quotes:f6283739-5185-44c4-b98e-dac9d961021b#quote_text,admin editable,public.vita_quotes,quote_text,/app (VITA card),True,safe_no_change_required,category=science;days=1-180,KEEP,"Callaloo is one of the most nutritious leafy greens available. It is high in iron, calcium, and fiber, and has essentially zero glycemic impact. Eat it frequently."
vita_quotes:b513ba9e-ae3f-45fb-b9a3-778419bb5dae#quote_text,admin editable,public.vita_quotes,quote_text,/app (VITA card),True,safe_no_change_required,category=mindset;days=1-180,KEEP,"The goal is not to eat perfectly. The goal is to eat correctly most of the time, and know the difference."
vita_quotes:04f39c89-721a-49a6-ad76-d7c44580ec9b#quote_text,admin editable,public.vita_quotes,quote_text,/app (VITA card),True,reversal_cure,category=mindset;days=1-180,CLINICIAN REVIEW REQUIRED,A setback is not a reversal of progress. Biology does not work that way. What you built this week does not disappear because of one bad meal.
vita_quotes:fa30151e-e0cd-4d4b-b40d-629965f06aaf#quote_text,admin editable,public.vita_quotes,quote_text,/app (VITA card),True,safe_no_change_required,category=mindset;days=1-180,KEEP,Discipline is not about willpower. It is about building systems that make the right choice the easy choice.
vita_quotes:d47c9303-1278-488e-8d95-0a7b91ea9e5c#quote_text,admin editable,public.vita_quotes,quote_text,/app (VITA card),True,safe_no_change_required,category=mindset;days=1-180,KEEP,You are not on a diet. You are changing the metabolic environment of your body. Those are different things with different timescales.
vita_quotes:78cdce7b-fe3b-4bdc-9123-33c567d85f00#quote_text,admin editable,public.vita_quotes,quote_text,/app (VITA card),True,reversal_cure,category=mindset;days=1-180,CLINICIAN REVIEW REQUIRED,The people who reverse this are not the ones who were most motivated at the start. They are the ones who showed up on the days they did not feel like it.
vita_quotes:6d6b6af6-f134-4461-b427-6bf7e6f3a20f#quote_text,admin editable,public.vita_quotes,quote_text,/app (VITA card),True,safe_no_change_required,category=mindset;days=1-180,KEEP,Consistency is more powerful than intensity. Five good days every week for six months beats one perfect week followed by quitting.
vita_quotes:52725099-2677-4f5d-b532-23d1c683dd95#quote_text,admin editable,public.vita_quotes,quote_text,/app (VITA card),True,safe_no_change_required,category=mindset;days=1-180,KEEP,Your doctor will notice before you do. Keep going.
vita_quotes:533d0591-9f4d-4493-9018-d39ad6a4f3ed#quote_text,admin editable,public.vita_quotes,quote_text,/app (VITA card),True,safe_no_change_required,category=mindset;days=1-180,KEEP,"The number on the scale is the slowest way your body shows you it is working. The readings, the energy, the cravings — those come first."
vita_quotes:9cd74a03-c77d-407f-9996-8be778a309ad#quote_text,admin editable,public.vita_quotes,quote_text,/app (VITA card),True,safe_no_change_required,category=mindset;days=1-180,KEEP,Every compliant meal is a vote for the person you are becoming. You do not need a dramatic transformation. Just keep voting.
vita_quotes:c933f242-b7fe-4870-9f16-cd4ed55ccbb7#quote_text,admin editable,public.vita_quotes,quote_text,/app (VITA card),True,safe_no_change_required,category=mindset;days=1-180,KEEP,There is no version of this where you do not have to eat differently. But there are many versions of eating differently that are genuinely enjoyable. You are finding yours.
vita_quotes:15145baf-5993-4d61-ade9-c1d04938c3c7#quote_text,admin editable,public.vita_quotes,quote_text,/app (VITA card),True,safe_no_change_required,category=mindset;days=1-180,KEEP,Progress is not linear. Blood sugar is not linear. Weight is not linear. Compliance is not linear. Keep the direction right and let the line be messy.
vita_quotes:aab2765f-b868-41d9-bad2-ebc662edc36a#quote_text,admin editable,public.vita_quotes,quote_text,/app (VITA card),True,safe_no_change_required,category=mindset;days=1-180,KEEP,"The best meal is not the one with the best macros. It is the one you will actually eat, actually enjoy, and actually repeat."
vita_quotes:bc3b1de4-142e-4901-8b08-6b8c52878fb7#quote_text,admin editable,public.vita_quotes,quote_text,/app (VITA card),True,safe_no_change_required,category=mindset;days=1-180,KEEP,Six months is not a long time to get your life back.
vita_quotes:2b80bd4d-9149-4afd-8d0a-11e56539aae4#quote_text,admin editable,public.vita_quotes,quote_text,/app (VITA card),True,uncited_absolute,category=mindset;days=1-180,CLINICIAN REVIEW REQUIRED,You already know this works. You knew it before you started. The question was never whether it works. It was whether you would do it.
vita_quotes:b325d5f6-c262-4f11-abfa-2bd420cdf252#quote_text,admin editable,public.vita_quotes,quote_text,/app (VITA card),True,reversal_cure,category=mindset;days=1-180,CLINICIAN REVIEW REQUIRED,Every person who has reversed Type 2 diabetes had a Day 1 that felt exactly like yours.
vita_quotes:a48ba9c7-ece8-40c8-8693-af37b0774d66#quote_text,admin editable,public.vita_quotes,quote_text,/app (VITA card),True,safe_no_change_required,category=accountability;days=1-180,KEEP,Your blood sugar did not log itself today. Tap here.
vita_quotes:da870971-05c1-4188-895b-f09a1d0197ae#quote_text,admin editable,public.vita_quotes,quote_text,/app (VITA card),True,safe_no_change_required,category=accountability;days=1-180,KEEP,The hardest part of the water goal is starting. After the first bottle it gets easier.
vita_quotes:62fc589e-1b29-4924-b1fb-62a3a5410472#quote_text,admin editable,public.vita_quotes,quote_text,/app (VITA card),True,diagnostic_label,category=accountability;days=1-180,CLINICIAN REVIEW REQUIRED,You have been in the pre-diabetic range for [X] days. That is not a number to protect — it is a number to push lower.
vita_quotes:c306c59f-1467-4928-afe4-e1c8083ce9a1#quote_text,admin editable,public.vita_quotes,quote_text,/app (VITA card),True,safe_no_change_required,category=accountability;days=1-180,KEEP,Missing one day does not matter. Missing three in a row starts to matter. You are at two.
vita_quotes:62548c67-39e9-4ef0-a26d-f9a0266bc690#quote_text,admin editable,public.vita_quotes,quote_text,/app (VITA card),True,safe_no_change_required,category=accountability;days=1-180,KEEP,The difference between a compliant meal and a non-compliant meal is about 10 minutes of decision-making. You have 10 minutes.
vita_quotes:7e763403-f837-4f94-8276-0e42a748ecf0#quote_text,admin editable,public.vita_quotes,quote_text,/app (VITA card),True,safe_no_change_required,category=accountability;days=1-180,KEEP,Your streak is alive. It requires four things to stay that way. You know what they are.
vita_quotes:0c7f243e-f37c-484c-b780-da301b3db6d0#quote_text,admin editable,public.vita_quotes,quote_text,/app (VITA card),True,safe_no_change_required,category=accountability;days=1-180,KEEP,There is no such thing as a bad blood sugar reading. There is only data you have and data you do not have. Log it.
vita_quotes:fed7d730-3f53-47e6-9e22-77edff50db0f#quote_text,admin editable,public.vita_quotes,quote_text,/app (VITA card),True,safe_no_change_required,category=accountability;days=1-180,KEEP,Not every day feels like a health day. Those are the days the habit matters most.
vita_quotes:0b8d6567-9ca9-44bb-b2c7-97574a4e97af#quote_text,admin editable,public.vita_quotes,quote_text,/app (VITA card),True,safe_no_change_required,category=accountability;days=1-180,KEEP,You logged your water goal for [N] consecutive days. Today is not the day to break that.
vita_quotes:409a79df-ff06-4956-85d3-6b094605d62f#quote_text,admin editable,public.vita_quotes,quote_text,/app (VITA card),True,safe_no_change_required,category=accountability;days=1-180,KEEP,The last meal of the day is where most people lose the plate method. Not because they forget — because they relax. Stay with it.
vita_quotes:c6cc5a39-d22c-433b-a3e2-0f6fb0831e0a#quote_text,admin editable,public.vita_quotes,quote_text,/app (VITA card),True,safe_no_change_required,category=wit;days=1-180,KEEP,Your pancreas has been working overtime for years. It would appreciate a day off. The plate method is that day off.
vita_quotes:54e56134-82c9-476a-b9f1-5ca3170cdac2#quote_text,admin editable,public.vita_quotes,quote_text,/app (VITA card),True,safe_no_change_required,category=wit;days=1-180,KEEP,White rice and brown rice taste different because they are fundamentally different foods at a metabolic level. One of them is trying to hurt you.
vita_quotes:aa7d6dae-b247-445e-a797-703969d70132#quote_text,admin editable,public.vita_quotes,quote_text,/app (VITA card),True,reversal_cure,category=wit;days=1-180,CLINICIAN REVIEW REQUIRED,Nobody ever reversed Type 2 diabetes by accident. You are doing this on purpose. That is the entire point.
vita_quotes:fe060d27-3de0-4312-a42d-172750c74b16#quote_text,admin editable,public.vita_quotes,quote_text,/app (VITA card),True,safe_no_change_required,category=wit;days=1-180,KEEP,Your blood sugar does not know you had a hard day. It only knows what you ate.
vita_quotes:88564323-f48f-4f81-b615-1b9df88626ec#quote_text,admin editable,public.vita_quotes,quote_text,/app (VITA card),True,safe_no_change_required,category=wit;days=1-180,KEEP,The snack is not a reward. The snack is a blood sugar management tool that happens to also be food. Treat it accordingly.
vita_quotes:009ec9f4-16c7-463b-be97-885723f41903#quote_text,admin editable,public.vita_quotes,quote_text,/app (VITA card),True,safe_no_change_required,category=wit;days=1-180,KEEP,Ripe plantain has a glycemic index of 55. Green boiled plantain has a glycemic index of 40. They look similar. They are not the same thing.
vita_quotes:22b18859-d67a-4ef6-8bd7-d2c38914d10d#quote_text,admin editable,public.vita_quotes,quote_text,/app (VITA card),True,safe_no_change_required,category=wit;days=1-180,KEEP,"Your streak counter does not lie, negotiate, or give partial credit. Neither does your pancreas."
vita_quotes:8e10f41d-fc6c-49b2-8b92-be4e5bdaed69#quote_text,admin editable,public.vita_quotes,quote_text,/app (VITA card),True,safe_no_change_required,category=wit;days=1-180,KEEP,"If you are waiting until you feel motivated to log your meals, you will be waiting a long time. Log them now and feel motivated later."
vita_quotes:ba3724c4-c1b4-4188-bf18-9c3befce82e2#quote_text,admin editable,public.vita_quotes,quote_text,/app (VITA card),True,uncited_absolute,category=wit;days=1-180,CLINICIAN REVIEW REQUIRED,The fact that you are reading this means you have not quit. That puts you in a category most people never enter.
vita_quotes:4d23f518-665b-4905-bb74-0cd04049ea35#quote_text,admin editable,public.vita_quotes,quote_text,/app (VITA card),True,reversal_cure,category=wit;days=1-180,CLINICIAN REVIEW REQUIRED,"Diabetes reversal is not a personality type. It does not require you to love salads, wake up at 5am, or become a different person. It requires the plate method, water, movement, and time."
vita_quotes:fe703a32-59bd-47b9-aa4a-58850c23a5f7#quote_text,admin editable,public.vita_quotes,quote_text,/app (VITA card),True,safe_no_change_required,category=wit;days=1-180,KEEP,"Your cells do not read motivational content. They respond to glucose, insulin, and movement. Give them less of the first, better management of the second, and more of the third."
vita_quotes:5f54fd1f-161c-4661-a3e7-15c5e9d7625f#quote_text,admin editable,public.vita_quotes,quote_text,/app (VITA card),True,safe_no_change_required,category=wit;days=1-180,KEEP,The VITA quote card has exactly as much value as you give it. So does the rest of the program.
vita_quotes:39174435-528e-41fa-ab6a-f865bc799fc6#quote_text,admin editable,public.vita_quotes,quote_text,/app (VITA card),True,reversal_cure,category=wit;days=1-180,CLINICIAN REVIEW REQUIRED,Nobody ever said 'I wish I hadn't reversed my diabetes.' Keep going.
vita_quotes:7c17d331-f97b-44cd-8d19-e883bcb09840#quote_text,admin editable,public.vita_quotes,quote_text,/app (VITA card),True,safe_no_change_required,category=wit;days=1-180,KEEP,Your A1C is a 3-month average. You cannot fix it in a day. You can make today count toward fixing it.
vita_quotes:d29a2484-7580-4b24-8a96-e787e47f12d6#quote_text,admin editable,public.vita_quotes,quote_text,/app (VITA card),True,fasting_scheduling,category=wit;days=1-180,CLINICIAN REVIEW REQUIRED,The fasting window is not punishment. It is giving your body the time it needs to do what it was designed to do when food is not present.
vita_quotes:189f1526-ed10-4310-9e1c-044b13bac3a5#quote_text,admin editable,public.vita_quotes,quote_text,/app (VITA card),True,safe_no_change_required,category=wit;days=1-180,KEEP,"Checking blood sugar after a bad meal is more important than after a good one. You need the data either way, and the bad meal data is more interesting."
vita_quotes:f280bdda-cc2d-4d52-8d00-38f1b447b4f6#quote_text,admin editable,public.vita_quotes,quote_text,/app (VITA card),True,safe_no_change_required,category=wit;days=1-180,KEEP,"If you are bored of brown rice, swap the meal. That is what the swap button is for. VITA is not attached to your Monday lunch."
vita_quotes:55708f9c-0175-4745-8b25-b09449b15bb3#quote_text,admin editable,public.vita_quotes,quote_text,/app (VITA card),True,safe_no_change_required,category=wit;days=1-180,KEEP,Your water target sounds like a lot until you spread it across the day. Then it is just a bottle every three hours.
vita_quotes:d46a5152-93dd-4698-968b-e5c52d18cf49#quote_text,admin editable,public.vita_quotes,quote_text,/app (VITA card),True,safe_no_change_required,category=wit;days=1-180,KEEP,The mindset module does not work if you just tap 'I read this' without reading it. VITA knows.
vita_quotes:0115c350-1147-4bce-8df2-374f65996efa#quote_text,admin editable,public.vita_quotes,quote_text,/app (VITA card),True,safe_no_change_required,category=wit;days=1-180,KEEP,Consistency is the least glamorous thing in health. It is also the only thing that works.
vita_quotes:77bdfb03-a261-4db9-8eaf-c0d736420d85#quote_text,admin editable,public.vita_quotes,quote_text,/app (VITA card),True,supplements,category=bonus_insight;days=1-180,CLINICIAN REVIEW REQUIRED,"At Day [N] in the program, most members see their first fasting blood sugar reading below 126 mg/dL. If yours has not arrived yet — it is coming. The mechanism is working even when the number has not moved yet."
vita_quotes:0952f864-68cf-4204-b00f-040f1daf471c#quote_text,admin editable,public.vita_quotes,quote_text,/app (VITA card),True,diagnostic_label,category=bonus_insight;days=1-180,CLINICIAN REVIEW REQUIRED,The average A1C reduction in the first 90 days for members who maintain 80% or higher compliance is 1.4 percentage points. That is the difference between diabetic and pre-diabetic ranges for many people.
vita_quotes:8a770e22-62b5-4bc7-9049-4c7b61d6d68d#quote_text,admin editable,public.vita_quotes,quote_text,/app (VITA card),True,safe_no_change_required,category=bonus_insight;days=1-180,KEEP,Post-meal walks reduce the 2-hour blood sugar reading by an average of 12% compared to sitting after the same meal. Three walks per day compounds that effect across every reading.
vita_quotes:c110eac6-17ca-4f2a-a568-ee3121ae5de6#quote_text,admin editable,public.vita_quotes,quote_text,/app (VITA card),True,supplements;insulin_sensitivity_claim,category=bonus_insight;days=1-180,CLINICIAN REVIEW REQUIRED,Magnesium deficiency is present in approximately 48% of people with Type 2 diabetes. The Nature Made pack contains 300mg — the therapeutic dose that has shown improved insulin sensitivity in research.
vita_quotes:e371b2d1-e2b5-4b81-a81c-dae9a040f95d#quote_text,admin editable,public.vita_quotes,quote_text,/app (VITA card),True,safe_no_change_required,category=bonus_insight;days=1-180,KEEP,"The glycemic load of a meal — not just the glycemic index — determines the blood sugar impact. High-fiber vegetables at 50% of the plate reduce the overall glycemic load of any meal, regardless of the carbohydrate choice."
vita_quotes:a2151a2f-af62-409e-8cac-449ad5011f39#quote_text,admin editable,public.vita_quotes,quote_text,/app (VITA card),True,safe_no_change_required,category=bonus_insight;days=1-180,KEEP,Ceylon cinnamon at 1 gram per day (approximately ½ teaspoon) has shown a 0.36% reduction in fasting blood sugar in meta-analyses. Small number. Real effect. Every day adds up.
vita_quotes:4389e44f-dfcd-4792-a127-e8fe18595e4f#quote_text,admin editable,public.vita_quotes,quote_text,/app (VITA card),True,safe_no_change_required,category=bonus_insight;days=1-180,KEEP,Visceral fat — the fat stored around the organs — is the primary driver of insulin resistance in Type 2 diabetes. It is also the first fat to respond to the combination of caloric reduction and the plate method.
vita_quotes:a3067118-c32e-4077-ba8b-2333e2cf9a1d#quote_text,admin editable,public.vita_quotes,quote_text,/app (VITA card),True,fasting_scheduling,category=bonus_insight;days=1-180,CLINICIAN REVIEW REQUIRED,Time-restricted eating (intermittent fasting) has been shown to reduce HbA1c independently of caloric intake. The fasting window itself — separate from what you eat — improves metabolic function.
vita_quotes:cedd1916-81bb-4aaa-8fc9-022aff73d6a4#quote_text,admin editable,public.vita_quotes,quote_text,/app (VITA card),True,supplements;insulin_sensitivity_claim,category=bonus_insight;days=1-180,CLINICIAN REVIEW REQUIRED,Chromium at 200–1000mcg per day has been shown to improve insulin sensitivity in insulin-resistant individuals. Your supplement pack contains 395mcg — within the effective range.
vita_quotes:2fc65f37-39e0-4779-af0f-9e8549e1800d#quote_text,admin editable,public.vita_quotes,quote_text,/app (VITA card),True,supplements;reversal_cure,category=bonus_insight;days=1-180,CLINICIAN REVIEW REQUIRED,Consistent fasting blood sugar below 100 mg/dL for 60 consecutive days is the clinical marker most associated with sustained remission. You are building toward that number every day.
vita_quotes:ed16415a-0a8b-4b91-869f-4b1d05625a59#quote_text,admin editable,public.vita_quotes,quote_text,/app (VITA card),True,safe_no_change_required,category=founder_says;days=1-180,KEEP,The most common thing I hear from members who slip up is this: I missed one day and then I just could not get back on track. I want you to hear me clearly on this. One day means nothing. Your biology does not reset your progress because you had a bad Thursday. The next meal is what matters. Not the next week. The next meal.
vita_quotes:fac8b5eb-d5bb-463b-9fb4-ffe05bef1c42#quote_text,admin editable,public.vita_quotes,quote_text,/app (VITA card),True,safe_no_change_required,category=founder_says;days=1-180,KEEP,"I almost made the compliance check stricter when I was building the program. I am glad I did not. What I have seen is that progress — real, measurable, biological progress — does not require perfection. It requires consistency. Those are different things. Do not chase perfect. Chase consistent."
vita_quotes:e935fbde-5ea5-4a26-ad59-eef370b04e45#quote_text,admin editable,public.vita_quotes,quote_text,/app (VITA card),True,reversal_cure,category=founder_says;days=1-180,CLINICIAN REVIEW REQUIRED,"Brown stew chicken, brown rice, and callaloo. That was the test dish I used when I was building the meal plan system. If the plate method works with Caribbean food — food with real flavour, real culture, real history — it works for anyone. You do not have to abandon your cuisine to reverse this. That was the whole point."
vita_quotes:1aca2d34-00fe-4517-9d24-ff27b3e2722c#quote_text,admin editable,public.vita_quotes,quote_text,/app (VITA card),True,safe_no_change_required,category=founder_says;days=1-180,KEEP,Blood sugar logging is the one habit I would make mandatory if I could. The data from consistent logging has taught me more about how this program works than anything else. Members who log every reading progress faster. Not because logging burns calories. Because it makes you face the number. Face it.
vita_quotes:8b61d283-a2c2-4110-b239-bebaf97c2895#quote_text,admin editable,public.vita_quotes,quote_text,/app (VITA card),True,safe_no_change_required,category=founder_says;days=1-180,KEEP,"I have watched A1C drop from 9.2% to 5.9% in six months. Not in a clinical trial with controlled conditions and daily nurse check-ins. In a real person, with a real job, a real family, no perfect days, and food they actually enjoy. The program works when you work it. That is the only variable."
vita_quotes:d06efe85-1fa8-4542-a563-4e8658485c36#quote_text,admin editable,public.vita_quotes,quote_text,/app (VITA card),True,safe_no_change_required,category=founder_says;days=1-180,KEEP,"The walking phase is the part people underestimate most. Ten minutes after each meal, three times a day. I know it sounds small. That is exactly why people skip it. Do not. Post-meal walks are not fitness. They are blood sugar medicine. The research on this is not ambiguous. Walk."
vita_quotes:288a33a9-1c6c-4504-89ee-3f0203ea7715#quote_text,admin editable,public.vita_quotes,quote_text,/app (VITA card),True,safe_no_change_required,category=founder_says;days=1-180,KEEP,"If you are Caribbean, or from the Caribbean diaspora, I want you to know something. This program was built with you specifically in mind. The meals, the cultural ingredients, the food traditions — they are not an afterthought. They are the foundation. You do not have to choose between your food and your health. I made sure of that."
vita_quotes:4684cadf-15c3-471d-8dd8-760c1fab87c6#quote_text,admin editable,public.vita_quotes,quote_text,/app (VITA card),True,safe_no_change_required,category=founder_says;days=1-180,KEEP,"I pay attention to every wrong-direction alert that comes through. When your numbers move the wrong way, I want to know why. That is not an automated message. That is me, personally, looking at what happened and thinking about what needs to change. You are not a metric to me. You are the reason I built this."
vita_quotes:9be6b10f-1eb4-47e4-bbde-3ab1fc730fe4#quote_text,admin editable,public.vita_quotes,quote_text,/app (VITA card),True,safe_no_change_required,category=founder_says;days=1-180,KEEP,Your Month 3 A1C is the number I think about most for every member in this program. That is when the biology catches up to the behaviour. That is when faith in the process becomes evidence of the process. Book the test. Bring the result to your doctor. Then come back and tell the community what it says.
vita_quotes:51d97959-c505-40ab-8a3f-00334361be3d#quote_text,admin editable,public.vita_quotes,quote_text,/app (VITA card),True,safe_no_change_required,category=founder_says;days=1-180,KEEP,I have had members tell me the meal plan felt too simple at first. Not complicated enough. Not restrictive enough. Then their blood sugar dropped 30 points in three weeks eating callaloo scrambled eggs and brown stew chicken. Simple is not weak. Simple is what you can sustain. Sustain it.
vita_quotes:18859f80-4d2e-442f-866b-3228c8c45823#quote_text,admin editable,public.vita_quotes,quote_text,/app (VITA card),True,safe_no_change_required,category=founder_says;days=1-180,KEEP,"Kayon handles your support questions. I handle the program. Between the two of us, you have someone paying attention. Use that. If something is not clear, if something feels wrong, if you have a question at 11pm on a Sunday — send it. That is what the Ask tab is for."
vita_quotes:1fa59c57-3bbc-4865-880d-ff8b5ca297b3#quote_text,admin editable,public.vita_quotes,quote_text,/app (VITA card),True,supplements,category=founder_says;days=1-180,CLINICIAN REVIEW REQUIRED,"The supplement pack is not optional. I know it looks like a sales add-on. It is not. The specific nutrients in that pack — the chromium, the magnesium, the R-ALA, the benfotiamine — address deficiencies that are nearly universal in Type 2 diabetes and that diet alone cannot fix. I researched every ingredient. One packet. Largest meal. Every day."
vita_quotes:204b8ff4-0bdb-46bf-81c7-523b02a3f386#quote_text,admin editable,public.vita_quotes,quote_text,/app (VITA card),True,fasting_scheduling,category=founder_says;days=1-180,CLINICIAN REVIEW REQUIRED,I designed the intermittent fasting phase to start at Day 21 for a specific reason. Your first three weeks are about building the habit of eating correctly. Layering a fasting window on top of new food habits in Week 1 is how people quit. Day 21 means you are ready. Trust the sequence.
vita_quotes:6505add8-a147-4704-b0d3-41583150e7bb#quote_text,admin editable,public.vita_quotes,quote_text,/app (VITA card),True,safe_no_change_required,category=founder_says;days=1-180,KEEP,"When you hit your six-month mark, I want you to do one thing. Print your starting blood sugar reading and your Day 180 reading and put them side by side. Then decide if this was worth it. I already know what you will decide."
vita_quotes:c3e99342-db08-435f-ae13-d1e3f227aa4f#quote_text,admin editable,public.vita_quotes,quote_text,/app (VITA card),True,reversal_cure;uncited_absolute,category=founder_says;days=1-180,CLINICIAN REVIEW REQUIRED,"I did not build this program because I read a study. I built it after helping a friend who lived with Type 2 diabetes for years — and eventually reversed it. The standard advice was never going to get them there; it was designed to manage, maintain, live with. I refused to accept that. Every single feature in this app exists because of that refusal. Use it like your health depends on it. Because it does."
snack_library:da81d827-6da4-4e71-a7bd-7f74d7cbc33a#name,database,public.snack_library,name,/app/meals (snacks),True,safe_no_change_required,unlock_day=3,KEEP,Apple with almond butter
snack_library:da81d827-6da4-4e71-a7bd-7f74d7cbc33a#description,database,public.snack_library,description,/app/meals (snacks),True,safe_no_change_required,unlock_day=3,KEEP,"One small apple sliced, with 1 tbsp natural almond butter."
snack_library:da81d827-6da4-4e71-a7bd-7f74d7cbc33a#nutritional_note,database,public.snack_library,nutritional_note,/app/meals (snacks),True,safe_no_change_required,unlock_day=3,KEEP,Fiber + healthy fat blunts the glucose response.
snack_library:da81d827-6da4-4e71-a7bd-7f74d7cbc33a#timing,database,public.snack_library,timing,/app/meals (snacks),True,safe_no_change_required,unlock_day=3,KEEP,afternoon
snack_library:d4bf62ca-5e1d-4606-bcba-042d140cda8d#name,database,public.snack_library,name,/app/meals (snacks),True,safe_no_change_required,unlock_day=3,KEEP,Greek yogurt with berries
snack_library:d4bf62ca-5e1d-4606-bcba-042d140cda8d#description,database,public.snack_library,description,/app/meals (snacks),True,safe_no_change_required,unlock_day=3,KEEP,3/4 cup plain Greek yogurt topped with 1/4 cup mixed berries.
snack_library:d4bf62ca-5e1d-4606-bcba-042d140cda8d#nutritional_note,database,public.snack_library,nutritional_note,/app/meals (snacks),True,safe_no_change_required,unlock_day=3,KEEP,"High protein, low sugar — steady energy."
snack_library:d4bf62ca-5e1d-4606-bcba-042d140cda8d#timing,database,public.snack_library,timing,/app/meals (snacks),True,safe_no_change_required,unlock_day=3,KEEP,morning
snack_library:8dd0364f-c1ca-4c14-bb77-c7334be67d85#name,database,public.snack_library,name,/app/meals (snacks),True,safe_no_change_required,unlock_day=3,KEEP,Boiled egg + cucumber sticks
snack_library:8dd0364f-c1ca-4c14-bb77-c7334be67d85#description,database,public.snack_library,description,/app/meals (snacks),True,safe_no_change_required,unlock_day=3,KEEP,One hard-boiled egg with a handful of cucumber sticks.
snack_library:8dd0364f-c1ca-4c14-bb77-c7334be67d85#nutritional_note,database,public.snack_library,nutritional_note,/app/meals (snacks),True,safe_no_change_required,unlock_day=3,KEEP,"Pure protein + water-rich veg, near-zero glucose impact."
snack_library:8dd0364f-c1ca-4c14-bb77-c7334be67d85#timing,database,public.snack_library,timing,/app/meals (snacks),True,safe_no_change_required,unlock_day=3,KEEP,afternoon
snack_library:4c484e54-1445-4182-85c8-978e1450b991#name,database,public.snack_library,name,/app/meals (snacks),True,safe_no_change_required,unlock_day=3,KEEP,Carrots + hummus
snack_library:4c484e54-1445-4182-85c8-978e1450b991#description,database,public.snack_library,description,/app/meals (snacks),True,safe_no_change_required,unlock_day=3,KEEP,Half cup baby carrots with 2 tbsp hummus.
snack_library:4c484e54-1445-4182-85c8-978e1450b991#nutritional_note,database,public.snack_library,nutritional_note,/app/meals (snacks),True,safe_no_change_required,unlock_day=3,KEEP,"Fiber, plant protein, slow carbs."
snack_library:4c484e54-1445-4182-85c8-978e1450b991#timing,database,public.snack_library,timing,/app/meals (snacks),True,safe_no_change_required,unlock_day=3,KEEP,afternoon
snack_library:3e4816cb-dd5b-46c3-9b39-e513f956559f#name,database,public.snack_library,name,/app/meals (snacks),True,safe_no_change_required,unlock_day=3,KEEP,Cottage cheese + cinnamon
snack_library:3e4816cb-dd5b-46c3-9b39-e513f956559f#description,database,public.snack_library,description,/app/meals (snacks),True,safe_no_change_required,unlock_day=3,KEEP,1/2 cup low-fat cottage cheese sprinkled with cinnamon.
snack_library:3e4816cb-dd5b-46c3-9b39-e513f956559f#nutritional_note,database,public.snack_library,nutritional_note,/app/meals (snacks),True,safe_no_change_required,unlock_day=3,KEEP,Casein protein keeps you full; cinnamon supports glucose control.
snack_library:3e4816cb-dd5b-46c3-9b39-e513f956559f#timing,database,public.snack_library,timing,/app/meals (snacks),True,safe_no_change_required,unlock_day=3,KEEP,morning
snack_library:a1da9085-31ed-495a-8817-bc94fbef9d13#name,database,public.snack_library,name,/app/meals (snacks),True,safe_no_change_required,unlock_day=3,KEEP,Handful of almonds
snack_library:a1da9085-31ed-495a-8817-bc94fbef9d13#description,database,public.snack_library,description,/app/meals (snacks),True,safe_no_change_required,unlock_day=3,KEEP,20 raw or dry-roasted unsalted almonds.
snack_library:a1da9085-31ed-495a-8817-bc94fbef9d13#nutritional_note,database,public.snack_library,nutritional_note,/app/meals (snacks),True,supplements,unlock_day=3,CLINICIAN REVIEW REQUIRED,Magnesium + healthy fat — diabetes-friendly snack.
snack_library:a1da9085-31ed-495a-8817-bc94fbef9d13#timing,database,public.snack_library,timing,/app/meals (snacks),True,safe_no_change_required,unlock_day=3,KEEP,any
snack_library:a17a88d2-d8e0-4a13-a209-a4a6eaca407d#name,database,public.snack_library,name,/app/meals (snacks),True,safe_no_change_required,unlock_day=3,KEEP,Pear with cheese
snack_library:a17a88d2-d8e0-4a13-a209-a4a6eaca407d#description,database,public.snack_library,description,/app/meals (snacks),True,safe_no_change_required,unlock_day=3,KEEP,1 small pear with a 1 oz slice of cheddar.
snack_library:a17a88d2-d8e0-4a13-a209-a4a6eaca407d#nutritional_note,database,public.snack_library,nutritional_note,/app/meals (snacks),True,safe_no_change_required,unlock_day=3,KEEP,Fiber + protein + fat combo prevents spikes.
snack_library:a17a88d2-d8e0-4a13-a209-a4a6eaca407d#timing,database,public.snack_library,timing,/app/meals (snacks),True,safe_no_change_required,unlock_day=3,KEEP,afternoon
snack_library:62080c98-25e3-4739-92a7-13d02a6fbaac#name,database,public.snack_library,name,/app/meals (snacks),True,safe_no_change_required,unlock_day=3,KEEP,Edamame
snack_library:62080c98-25e3-4739-92a7-13d02a6fbaac#description,database,public.snack_library,description,/app/meals (snacks),True,safe_no_change_required,unlock_day=3,KEEP,"1/2 cup steamed edamame, lightly salted."
snack_library:62080c98-25e3-4739-92a7-13d02a6fbaac#nutritional_note,database,public.snack_library,nutritional_note,/app/meals (snacks),True,safe_no_change_required,unlock_day=3,KEEP,Complete plant protein with fiber.
snack_library:62080c98-25e3-4739-92a7-13d02a6fbaac#timing,database,public.snack_library,timing,/app/meals (snacks),True,safe_no_change_required,unlock_day=3,KEEP,afternoon
snack_library:7d002079-30f1-49de-9819-c804147e9644#name,database,public.snack_library,name,/app/meals (snacks),True,safe_no_change_required,unlock_day=3,KEEP,Avocado on whole grain toast
snack_library:7d002079-30f1-49de-9819-c804147e9644#description,database,public.snack_library,description,/app/meals (snacks),True,safe_no_change_required,unlock_day=3,KEEP,1/2 small avocado on one slice of whole-grain toast.
snack_library:7d002079-30f1-49de-9819-c804147e9644#nutritional_note,database,public.snack_library,nutritional_note,/app/meals (snacks),True,safe_no_change_required,unlock_day=3,KEEP,Healthy fat slows carb absorption.
snack_library:7d002079-30f1-49de-9819-c804147e9644#timing,database,public.snack_library,timing,/app/meals (snacks),True,safe_no_change_required,unlock_day=3,KEEP,morning
snack_library:352bdd78-c3f1-49f9-9f91-ed3402791fb7#name,database,public.snack_library,name,/app/meals (snacks),True,safe_no_change_required,unlock_day=3,KEEP,Berry + chia parfait
snack_library:352bdd78-c3f1-49f9-9f91-ed3402791fb7#description,database,public.snack_library,description,/app/meals (snacks),True,safe_no_change_required,unlock_day=3,KEEP,1/2 cup berries layered with 2 tbsp chia pudding.
snack_library:352bdd78-c3f1-49f9-9f91-ed3402791fb7#nutritional_note,database,public.snack_library,nutritional_note,/app/meals (snacks),True,safe_no_change_required,unlock_day=3,KEEP,Soluble fiber from chia steadies blood sugar.
snack_library:352bdd78-c3f1-49f9-9f91-ed3402791fb7#timing,database,public.snack_library,timing,/app/meals (snacks),True,safe_no_change_required,unlock_day=3,KEEP,morning
src/data/learnGuides.ts:50,source,src/data/learnGuides.ts,string literal,/app/learn,True,fasting_scheduling,,CLINICIAN REVIEW REQUIRED,Fasting schedules and timers are not available right now. We are keeping those tools off while the safety screening and instructions are reviewed. The app cannot decide whether fasting is safe for you.
src/data/learnGuides.ts:58,source,src/data/learnGuides.ts,string literal,/app/learn,True,supplements,,CLINICIAN REVIEW REQUIRED,Supplements and diabetes: questions to ask first
src/data/learnGuides.ts:61,source,src/data/learnGuides.ts,string literal,/app/learn,True,supplements,,CLINICIAN REVIEW REQUIRED,You do not need supplements to use DRM.
src/data/learnGuides.ts:63,source,src/data/learnGuides.ts,string literal,/app/learn,True,supplements,,CLINICIAN REVIEW REQUIRED,"Research has tested many supplements for Type 2 diabetes. For most supplements, there is not enough reliable evidence to show that they help manage diabetes or its complications. A result from one product or study may not apply to a different brand, formula, or dose."
src/data/learnGuides.ts:65,source,src/data/learnGuides.ts,string literal,/app/learn,True,supplements;uncited_absolute,,CLINICIAN REVIEW REQUIRED,"Supplements can cause side effects. Some can interact with diabetes medicines, affect lab tests, or create extra risk for people with kidney disease or another health condition. “Natural” does not always mean safe."
src/data/learnGuides.ts:67,source,src/data/learnGuides.ts,string literal,/app/learn,True,supplements;uncited_absolute,,CLINICIAN REVIEW REQUIRED,"Never use a supplement instead of prescribed diabetes care, and never stop or change medicine because of a supplement claim."
src/data/learnGuides.ts:71,source,src/data/learnGuides.ts,string literal,/app/learn,True,supplements,,CLINICIAN REVIEW REQUIRED,• What am I hoping this supplement will help with?
src/data/learnGuides.ts:78,source,src/data/learnGuides.ts,string literal,/app/learn,True,supplements,,CLINICIAN REVIEW REQUIRED,"Bring a list or photos of every supplement and medicine you use. Include the product name, ingredients, dose, and how often you take it. A prescriber or pharmacist can review the complete list with you."
src/data/learnGuides.ts:80,source,src/data/learnGuides.ts,string literal,/app/learn,True,supplements,,CLINICIAN REVIEW REQUIRED,"DRM does not sell, prescribe, or require supplements."
src/data/learnGuides.ts:87,source,src/data/learnGuides.ts,string literal,/app/learn,True,supplements,,CLINICIAN REVIEW REQUIRED,NCCIH: Diabetes and Dietary Supplements
src/data/learnGuides.ts:91,source,src/data/learnGuides.ts,string literal,/app/learn,True,supplements,,CLINICIAN REVIEW REQUIRED,FDA 101: Dietary Supplements
src/data/learnGuides.ts:140,source,src/data/learnGuides.ts,string literal,/app/learn,True,supplements;diagnostic_label,,CLINICIAN REVIEW REQUIRED,Fasting blood sugar under 100 mg/dL (5.6 mmol/L) is normal. 100–125 mg/dL (5.6–6.9 mmol/L) is pre-diabetic. 126 mg/dL (7.0 mmol/L) and above is diabetic. Post-meal targets are under 140 mg/dL (7.8 mmol/L) at two hours. Trends matter more than single readings.
src/data/learnGuides.ts:145,source,src/data/learnGuides.ts,string literal,/app/learn,True,uncited_absolute,,CLINICIAN REVIEW REQUIRED,"Snacks bridge the gap between meals so your blood sugar never crashes into cravings. Pair protein with fiber: a boiled egg and cucumber, Greek yogurt and berries, almonds and an apple. Snacks work best 3–4 hours after a main meal, and are mainly for bridging gaps longer than 5 hours."
src/data/workouts.ts:73,source,src/data/workouts.ts,string literal,/app/workouts,True,insulin_sensitivity_claim,,CLINICIAN REVIEW REQUIRED,Heart rate • Blood-sugar clearance
src/lib/glucose.ts:137,source,src/lib/glucose.ts,string literal,/app/progress (glucose labels),True,uncited_absolute,,CLINICIAN REVIEW REQUIRED,Never change medication based on this app alone.
supabase/functions/ask-vita/index.ts:103,source,supabase/functions/ask-vita/index.ts,string literal,AI system prompt,True,supplements,,CLINICIAN REVIEW REQUIRED,Supplements and diabetes: questions to ask first
supabase/functions/chat-agent/index.ts:79,source,supabase/functions/chat-agent/index.ts,string literal,public chat prompt,True,uncited_absolute,,CLINICIAN REVIEW REQUIRED,"or similar — keep your reply SHORT. The server attaches its own approved membership link to your message. Never paste, invent or describe a link or button yourself, and never refer to"
